date,flu,flu symptoms,symptoms of flu,flu remedies,flu vaccine,flu medication,flu during pregnancy,flu treatment,colds and flu,home remedies for flu,mono,meningitis,rsv,meningitis symptoms,symptoms of meningitis,encephalitis,pneumonia,pneumonia symptoms,symptoms of pneumonia,bronchitis,what is pneumonia
2012-06-03,28.00538889168962,0.0,19.555555555555557,19.788359788359788,0.0,1.0949565637065641,98.76543209876543,80.55555555555556,0.0,8.234344366278398,30.983333333333327,52.0,21.654135338345863,15.86046511627907,0.0,6.692974542031145,48.32447916666667,15.490230593205423,0.0,79.0,22.959183673469386
2012-06-10,33.69398351031408,16.09848484848485,19.555555555555557,59.36507936507937,4.583912418013799,0.0,0.0,80.55555555555556,0.0,8.82251182101257,51.24166666666665,45.0,28.872180451127818,10.744186046511627,10.02024291497976,6.902129996469618,50.31041666666667,0.0,15.0278293135436,83.0,22.959183673469386
2012-06-17,37.63224132320793,12.073863636363638,0.0,59.36507936507937,4.583912418013799,1.0949565637065641,100.0,38.888888888888886,82.85714285714286,17.05685618729097,30.983333333333327,93.0,21.654135338345863,10.744186046511627,0.0,13.38594908406229,52.958333333333336,20.33092765358212,30.0556586270872,45.0,0.0
2012-06-24,25.37988368309372,20.123106060606062,10.666666666666666,0.0,4.81310803891449,1.1497043918918923,25.925925925925927,41.666666666666664,42.857142857142854,0.0,32.77083333333333,38.0,30.676691729323306,22.51162790697674,20.04048582995952,3.555642725454046,44.352604166666666,10.649533532828729,15.0278293135436,38.0,0.0
2012-07-01,31.943646704583475,28.172348484848488,20.444444444444443,61.164021164021165,4.81310803891449,0.0,51.851851851851855,0.0,42.857142857142854,0.0,28.00416666666666,75.0,14.436090225563909,11.25581395348837,20.04048582995952,10.24861726748519,25.155208333333334,4.840697060376694,0.0,82.0,22.959183673469386
2012-07-08,26.69263628739167,26.160037878787882,19.555555555555557,39.576719576719576,0.0,1.0949565637065641,0.0,38.888888888888886,40.0,0.0,27.408333333333328,40.0,57.744360902255636,16.372093023255815,0.0,10.039461813046717,59.578125,4.840697060376694,0.0,98.0,22.959183673469386
2012-07-15,23.19196267593047,30.184659090909093,28.444444444444443,75.55555555555556,0.0,2.1351652992278,0.0,38.888888888888886,0.0,16.468688732556796,33.36666666666666,50.0,14.436090225563909,15.348837209302324,9.10931174089069,3.1373318165770994,33.7609375,4.840697060376694,0.0,60.0,0.0
2012-07-22,31.506062503150826,14.086174242424244,0.0,17.98941798941799,4.3547167971131095,1.040208735521236,23.45679012345679,38.888888888888886,0.0,24.114865644101023,51.24166666666665,46.0,19.849624060150376,25.58139534883721,27.32793522267207,0.0,26.479166666666668,4.840697060376694,0.0,59.0,0.0
2012-07-29,26.25505208595902,14.086174242424244,8.88888888888889,17.98941798941799,0.0,2.080417471042472,0.0,0.0,0.0,0.0,43.49583333333332,53.0,34.285714285714285,10.232558139534882,9.10931174089069,18.614835445024124,52.29635416666667,0.0,0.0,66.0,20.408163265306122
2012-08-05,43.758420143265035,42.258522727272734,39.111111111111114,39.576719576719576,0.0,3.3396175193050204,24.691358024691358,80.55555555555556,0.0,8.82251182101257,27.408333333333328,20.0,28.872180451127818,10.744186046511627,0.0,6.692974542031145,35.084895833333334,4.840697060376694,15.0278293135436,99.0,22.959183673469386
2012-08-12,38.06982552464058,38.23390151515152,71.11111111111111,0.0,0.0,0.9854609073359076,0.0,72.22222222222223,0.0,7.646176911544227,31.57916666666666,59.0,12.63157894736842,24.55813953488372,35.52631578947369,3.1373318165770994,53.6203125,13.553951769054745,0.0,89.0,20.408163265306122
2012-08-19,31.943646704583475,24.147727272727277,17.77777777777778,17.98941798941799,0.0,2.0256696428571437,0.0,36.111111111111114,0.0,0.0,38.72916666666666,66.0,7.2180451127819545,14.837209302325581,26.417004048583,15.059192719570078,66.19791666666667,28.076042950184828,13.358070500927644,97.0,20.408163265306122
2012-08-26,20.128873265901916,18.110795454545457,17.77777777777778,35.97883597883598,4.12552117621242,0.9854609073359076,0.0,0.0,37.142857142857146,7.646176911544227,31.57916666666666,62.0,19.849624060150376,19.441860465116278,17.30769230769231,8.993684540854352,56.268229166666664,8.71325470867805,0.0,56.0,20.408163265306122
2012-09-02,21.879210071632517,4.024621212121213,0.0,0.0,4.12552117621242,0.0,0.0,0.0,0.0,0.0,28.00416666666666,58.0,19.849624060150376,24.55813953488372,34.61538461538462,17.987369081708703,45.014583333333334,9.681394120753389,0.0,98.0,20.408163265306122
2012-09-09,24.504715280228417,24.147727272727277,8.88888888888889,17.98941798941799,8.25104235242484,0.0,0.0,0.0,0.0,0.0,34.55833333333332,36.0,0.0,9.720930232558139,17.30769230769231,20.91554544384733,55.60625,4.840697060376694,26.716141001855288,55.0,20.408163265306122
2012-09-16,18.816120661603964,4.024621212121213,17.77777777777778,35.97883597883598,0.0,0.9854609073359076,22.22222222222222,0.0,0.0,0.0,59.58333333333332,51.0,12.63157894736842,19.441860465116278,17.30769230769231,6.065508178715725,34.422916666666666,8.71325470867805,0.0,56.0,0.0
2012-09-23,17.503368057306012,8.049242424242426,0.0,0.0,0.0,1.0949565637065641,0.0,0.0,0.0,0.0,23.237499999999994,52.0,14.436090225563909,10.744186046511627,9.10931174089069,3.3464872710155724,31.113020833333334,9.681394120753389,15.0278293135436,44.0,22.959183673469386
2012-09-30,14.440278647277461,10.061553030303031,8.88888888888889,17.98941798941799,0.0,0.9854609073359076,0.0,36.111111111111114,0.0,7.646176911544227,28.599999999999994,41.0,19.849624060150376,19.953488372093023,9.10931174089069,9.202839995292825,38.39479166666667,4.840697060376694,13.358070500927644,49.0,40.816326530612244
2012-10-07,19.691289064469267,12.073863636363638,8.0,34.179894179894184,0.0,0.0,0.0,33.333333333333336,0.0,7.058009456810056,32.77083333333333,41.0,12.63157894736842,13.813953488372093,0.0,11.503549994116032,21.183333333333334,0.0,0.0,38.0,0.0
2012-10-14,17.503368057306012,6.036931818181819,8.0,16.19047619047619,0.0,0.0,20.987654320987655,66.66666666666667,68.57142857142857,0.0,19.662499999999994,65.0,0.0,22.51162790697674,0.0,8.575373631977405,17.8734375,12.585812356979407,0.0,15.0,17.857142857142854
2012-10-21,17.503368057306012,6.036931818181819,8.0,34.179894179894184,3.89632555531173,0.0,0.0,33.333333333333336,0.0,7.058009456810056,32.77083333333333,58.0,12.63157894736842,13.813953488372093,0.0,11.503549994116032,14.563541666666667,12.585812356979407,13.358070500927644,68.0,0.0
2012-10-28,17.503368057306012,10.061553030303031,24.88888888888889,32.38095238095238,3.89632555531173,0.0,0.0,100.0,0.0,7.058009456810056,35.74999999999999,37.0,12.63157894736842,22.51162790697674,16.396761133603242,8.366218177538931,17.211458333333333,8.71325470867805,11.688311688311689,22.0,0.0
2012-11-04,20.566457467334565,20.123106060606062,8.88888888888889,0.0,0.0,1.916173986486487,43.20987654320987,36.111111111111114,0.0,7.646176911544227,30.983333333333327,57.0,7.2180451127819545,9.720930232558139,17.30769230769231,8.784529086415878,55.60625,4.840697060376694,0.0,39.0,20.408163265306122
2012-11-11,15.753031251575413,6.036931818181819,16.88888888888889,0.0,0.0,0.0,0.0,33.333333333333336,0.0,0.0,42.89999999999999,48.0,0.0,18.418604651162788,16.396761133603242,20.288079080531908,41.7046875,4.840697060376694,13.358070500927644,31.0,0.0
2012-11-18,6.126178820057104,4.024621212121213,8.88888888888889,0.0,0.0,0.0,0.0,36.111111111111114,74.28571428571429,7.646176911544227,41.70833333333332,33.0,27.06766917293233,4.604651162790697,0.0,15.059192719570078,25.155208333333334,9.681394120753389,0.0,40.0,20.408163265306122
2012-11-25,14.00269444584481,10.061553030303031,0.0,17.98941798941799,0.0,0.9854609073359076,0.0,0.0,0.0,0.0,28.00416666666666,65.0,7.2180451127819545,24.046511627906977,25.50607287449393,15.059192719570078,34.422916666666666,13.553951769054745,13.358070500927644,64.0,0.0
2012-12-02,14.440278647277461,10.061553030303031,0.0,35.97883597883598,0.0,0.9854609073359076,22.22222222222222,36.111111111111114,0.0,7.646176911544227,21.449999999999996,52.0,7.2180451127819545,9.720930232558139,9.10931174089069,3.1373318165770994,6.619791666666667,4.840697060376694,0.0,41.0,0.0
2012-12-09,14.87786284871011,14.086174242424244,8.88888888888889,17.98941798941799,0.0,2.080417471042472,46.91358024691358,38.888888888888886,0.0,0.0,14.299999999999997,41.0,7.2180451127819545,10.232558139534882,0.0,6.274663633154199,29.127083333333335,9.681394120753389,41.74397031539889,17.0,0.0
2012-12-16,9.626852431518307,10.061553030303031,0.0,25.185185185185187,5.95908614341794,1.4234435328185333,32.098765432098766,0.0,0.0,0.0,44.091666666666654,41.0,27.06766917293233,0.0,11.842105263157897,4.392264543207939,27.141145833333333,13.553951769054745,18.367346938775512,11.0,28.061224489795915
2012-12-23,10.939605035816259,0.0,0.0,32.38095238095238,0.0,1.8614261583011589,0.0,0.0,0.0,0.0,26.21666666666666,47.0,0.0,17.906976744186046,16.396761133603242,5.647197269838779,5.9578125,0.0,0.0,30.0,0.0
2012-12-30,17.940952258738665,6.036931818181819,13.333333333333334,53.96825396825397,0.0,0.0,0.0,0.0,0.0,11.175181639949255,26.21666666666666,54.0,9.022556390977442,21.488372093023255,0.0,4.6014199976464125,27.803125,0.0,0.0,36.0,0.0
2013-01-06,15.753031251575413,10.061553030303031,0.0,0.0,0.0,1.040208735521236,0.0,0.0,40.0,0.0,33.36666666666666,34.0,7.2180451127819545,5.116279069767441,0.0,12.758482720746871,26.479166666666668,4.840697060376694,13.358070500927644,17.0,0.0
2013-01-13,8.751684028653006,6.036931818181819,8.88888888888889,0.0,4.12552117621242,0.0,0.0,36.111111111111114,0.0,0.0,28.00416666666666,18.0,19.849624060150376,0.0,8.198380566801621,11.921860902992977,21.8453125,0.0,0.0,32.0,0.0
2013-01-20,12.68994184154686,14.086174242424244,17.77777777777778,17.98941798941799,0.0,0.9854609073359076,22.22222222222222,0.0,0.0,7.646176911544227,38.72916666666666,40.0,27.06766917293233,9.720930232558139,0.0,8.993684540854352,25.155208333333334,0.0,0.0,48.0,0.0
2013-01-27,10.502020834383607,10.061553030303031,17.77777777777778,0.0,0.0,0.0,0.0,36.111111111111114,0.0,0.0,45.879166666666656,55.0,19.849624060150376,29.674418604651162,17.30769230769231,15.26834817400855,22.507291666666667,9.681394120753389,13.358070500927644,33.0,0.0
2013-02-03,12.68994184154686,6.036931818181819,0.0,0.0,0.0,1.9709218146718153,66.66666666666667,72.22222222222223,37.142857142857146,0.0,52.43333333333332,69.0,0.0,9.720930232558139,8.198380566801621,17.77821362727023,21.8453125,0.0,0.0,48.0,0.0
2013-02-10,14.87786284871011,12.073863636363638,0.0,16.19047619047619,3.89632555531173,0.0,0.0,0.0,0.0,7.058009456810056,48.85833333333332,51.0,0.0,31.72093023255814,24.595141700404863,5.647197269838779,32.43697916666667,3.8725576483013557,0.0,52.0,38.265306122448976
2013-02-17,17.065783855873363,18.110795454545457,16.0,16.19047619047619,3.89632555531173,0.0,0.0,0.0,0.0,0.0,44.68749999999999,47.0,23.45864661654135,22.0,15.485829959514174,8.366218177538931,26.479166666666668,0.0,0.0,15.0,0.0
2013-02-24,17.503368057306012,6.036931818181819,16.0,16.19047619047619,11.68897666593519,0.0,0.0,0.0,0.0,0.0,32.17499999999999,74.0,5.413533834586466,22.51162790697674,23.684210526315795,11.294394539677558,38.39479166666667,17.4265094173561,36.734693877551024,45.0,17.857142857142854
2013-03-03,21.441625870199868,6.036931818181819,0.0,16.19047619047619,7.563455489722769,1.8066783301158307,0.0,0.0,0.0,7.058009456810056,25.620833333333326,53.0,30.676691729323306,8.69767441860465,0.0,11.085239085239085,45.6765625,0.0,0.0,80.0,0.0
2013-03-10,21.879210071632517,0.0,0.0,0.0,11.230585424133809,1.8066783301158307,19.753086419753085,0.0,34.285714285714285,0.0,16.087499999999995,76.0,28.872180451127818,22.0,15.485829959514174,16.314125446200915,37.07083333333333,12.585812356979407,11.688311688311689,29.0,35.71428571428571
2013-03-17,24.067131078795768,4.024621212121213,8.88888888888889,53.96825396825397,16.96047594665106,4.051339285714287,45.67901234567901,36.111111111111114,37.142857142857146,7.646176911544227,21.449999999999996,51.0,12.63157894736842,19.441860465116278,17.30769230769231,15.26834817400855,45.014583333333334,9.681394120753389,13.358070500927644,57.0,0.0
2013-03-24,21.441625870199868,10.061553030303031,0.0,19.788359788359788,8.938629215126909,1.040208735521236,23.45679012345679,77.77777777777777,0.0,0.0,48.26249999999999,85.0,21.654135338345863,30.69767441860465,18.21862348178138,9.621150904169772,29.7890625,0.0,0.0,77.0,0.0
2013-03-31,19.253704863036614,24.147727272727277,26.666666666666668,17.98941798941799,4.3547167971131095,0.0,0.0,0.0,37.142857142857146,7.646176911544227,42.89999999999999,100.0,7.2180451127819545,24.55813953488372,26.417004048583,3.1373318165770994,42.36666666666667,4.840697060376694,13.358070500927644,41.0,0.0
2013-04-07,25.37988368309372,22.135416666666668,40.0,16.19047619047619,22.919562090069,0.9307130791505794,0.0,0.0,34.285714285714285,7.058009456810056,48.26249999999999,80.0,36.09022556390977,31.209302325581394,31.882591093117416,0.0,31.775,0.0,0.0,51.0,0.0
2013-04-14,25.81746788452637,12.073863636363638,0.0,48.57142857142858,15.126910979445539,0.8759652509652512,0.0,0.0,34.285714285714285,13.52785145888594,19.066666666666663,56.0,46.9172932330827,26.09302325581395,23.684210526315795,8.157062723100458,31.113020833333334,0.0,11.688311688311689,65.0,0.0
2013-04-21,30.630894100285524,20.123106060606062,0.0,82.75132275132276,15.58530222124692,2.7921392374517384,0.0,33.333333333333336,68.57142857142857,7.058009456810056,38.72916666666666,67.0,30.676691729323306,31.72093023255814,16.396761133603242,14.01341544737771,35.084895833333334,0.0,0.0,37.0,0.0
2013-04-28,35.006736114612025,10.061553030303031,8.0,0.0,8.02184673152415,0.0,20.987654320987655,0.0,71.42857142857143,7.058009456810056,29.79166666666666,80.0,43.30827067669173,13.813953488372093,8.198380566801621,5.856352724277252,29.7890625,4.840697060376694,0.0,69.0,38.265306122448976
2013-05-05,37.63224132320793,18.110795454545457,0.0,62.96296296296296,22.231975227366927,0.0,60.49382716049383,0.0,100.0,7.058009456810056,25.024999999999995,26.0,34.285714285714285,21.488372093023255,30.971659919028347,8.157062723100458,41.7046875,16.458370005280763,11.688311688311689,100.0,0.0
2013-05-12,30.193309898852874,10.061553030303031,24.0,16.19047619047619,7.563455489722769,1.8066783301158307,0.0,0.0,34.285714285714285,13.52785145888594,12.512499999999998,68.0,41.503759398496236,30.69767441860465,8.198380566801621,16.314125446200915,50.97239583333333,12.585812356979407,23.376623376623378,86.0,0.0
2013-05-19,21.004041668767215,6.036931818181819,8.0,62.96296296296296,0.0,2.627895752895754,19.753086419753085,30.555555555555557,31.428571428571427,6.469842002075885,42.89999999999999,89.0,28.872180451127818,51.16279069767442,22.773279352226727,5.228886360961832,41.04270833333333,7.7451152966027115,23.376623376623378,56.0,17.857142857142854
2013-05-26,35.006736114612025,30.184659090909093,15.11111111111111,46.77248677248677,7.3342598688220795,2.627895752895754,0.0,30.555555555555557,31.428571428571427,0.0,49.45416666666666,35.0,39.69924812030075,21.488372093023255,7.287449392712552,10.666928176362138,36.408854166666664,7.7451152966027115,35.064935064935064,71.0,0.0
2013-06-02,35.006736114612025,24.147727272727277,8.0,16.19047619047619,7.563455489722769,0.8759652509652512,19.753086419753085,33.333333333333336,0.0,13.52785145888594,19.066666666666663,42.0,28.872180451127818,22.0,23.684210526315795,8.157062723100458,39.71875,8.71325470867805,11.688311688311689,79.0,17.857142857142854
2013-06-09,33.9127756110304,31.392045454545457,28.0,36.42857142857143,11.586570111915732,0.0,39.50617283950617,66.66666666666667,0.0,7.161803713527852,8.666666666666666,55.44,28.872180451127818,33.0,7.894736842105265,6.1835798062213145,80.40625,15.683858475620491,11.688311688311689,52.956043956043956,17.857142857142854
2013-06-16,39.38257812893853,24.147727272727277,16.0,24.28571428571429,8.529002999049082,0.9877906021523045,65.02057613168724,37.03703703703704,0.0,15.119363395225463,28.16666666666666,39.48,61.35338345864661,61.0,25.837320574162685,2.2366139724630285,93.00000000000001,34.8530188347122,38.961038961038966,70.31868131868131,0.0
2013-06-23,49.22822266117316,60.36931818181819,56.0,16.19047619047619,8.046229244385925,0.46593896327938894,41.15226337448559,66.66666666666667,0.0,0.0,11.266666666666664,40.32,43.30827067669173,45.99999999999999,0.0,6.446710861805202,96.875,24.39711318429854,11.688311688311689,38.1978021978022,17.857142857142854
2013-06-30,54.69802517908129,96.59090909090911,100.0,8.095238095238095,3.8621900373052442,0.9132403680276024,0.0,33.333333333333336,0.0,0.0,37.26666666666666,59.64,28.872180451127818,78.99999999999999,24.401913875598087,4.210096889342172,72.65625,15.683858475620491,11.688311688311689,86.81318681318682,35.71428571428571
2013-07-07,45.399360898637475,62.784090909090914,84.0,16.19047619047619,3.8621900373052442,0.0,39.50617283950617,100.0,0.0,0.0,38.999999999999986,32.76,43.30827067669173,22.0,7.894736842105265,6.315145334013258,93.96875,40.08097165991903,0.0,69.45054945054946,0.0
2013-07-14,39.38257812893853,48.295454545454554,44.0,28.333333333333336,3.7012654524175255,0.42866384621703785,18.930041152263374,0.0,0.0,13.52785145888594,26.86666666666666,34.44,39.69924812030075,42.99999999999999,15.07177033492823,12.104028556858744,86.21875,15.683858475620491,0.0,36.46153846153846,17.857142857142854
2013-07-21,24.61411133058658,41.05113636363637,28.0,8.095238095238095,3.7012654524175255,0.42866384621703785,0.0,29.629629629629626,0.0,6.366047745358091,26.43333333333333,68.03999999999999,14.436090225563909,63.0,0.0,7.893931667516572,50.37499999999999,60.992782960746354,35.064935064935064,71.18681318681318,0.0
2013-07-28,29.536933596703896,43.46590909090909,16.0,0.0,0.0,1.2487164215887623,18.10699588477366,0.0,0.0,6.366047745358091,19.93333333333333,54.6,64.96240601503759,93.0,22.248803827751196,9.735849056603772,66.84374999999999,0.0,0.0,49.483516483516475,0.0
2013-08-04,26.802032337749832,28.977272727272727,16.0,24.28571428571429,3.8621900373052442,0.4473014047482134,19.753086419753085,0.0,0.0,0.0,8.666666666666666,35.28,14.436090225563909,22.0,7.894736842105265,2.105048444671086,57.15625,8.71325470867805,11.688311688311689,73.79120879120879,17.857142857142854
2013-08-11,38.288617625356906,33.80681818181819,20.0,20.238095238095237,0.0,0.4100262876858623,0.0,59.25925925925925,0.0,6.366047745358091,23.399999999999995,70.56,25.26315789473684,90.0,14.354066985645936,13.15655277919429,56.1875,36.595669776447814,21.42857142857143,62.50549450549451,17.857142857142854
2013-08-18,24.61411133058658,24.147727272727277,12.0,20.238095238095237,0.0,0.8200525753717246,0.0,59.25925925925925,0.0,6.366047745358091,23.399999999999995,35.28,25.26315789473684,30.0,14.354066985645936,1.8419173890872003,96.875,43.56627354339025,42.85714285714286,52.956043956043956,17.857142857142854
2013-08-25,22.42619032342333,31.392045454545457,20.0,0.0,0.0,0.8014150168405489,17.28395061728395,29.629629629629626,0.0,0.0,25.133333333333326,52.08,10.827067669172932,39.0,14.354066985645936,9.341152473227943,63.9375,13.94120753388488,9.740259740259742,71.18681318681318,0.0
2013-09-01,23.520150827004954,33.80681818181819,20.0,0.0,0.0,1.2114413045264112,0.0,0.0,0.0,6.366047745358091,21.23333333333333,35.28,10.827067669172932,30.0,14.354066985645936,13.15655277919429,52.3125,6.97060376694244,11.688311688311689,72.05494505494505,0.0
2013-09-08,25.161091582377395,24.147727272727277,12.0,32.38095238095238,0.0,0.0,0.0,59.25925925925925,0.0,6.366047745358091,15.166666666666664,51.23999999999999,0.0,78.0,13.636363636363638,3.6838347781744005,66.84374999999999,41.82362260165464,31.168831168831172,70.31868131868131,0.0
2013-09-15,21.332229819841704,19.31818181818182,8.0,12.142857142857144,0.0,0.0,17.28395061728395,29.629629629629626,0.0,6.366047745358091,24.699999999999992,84.0,50.52631578947368,78.99999999999999,20.81339712918661,5.525752167261601,62.96875,27.88241506776976,42.85714285714286,42.53846153846154,0.0
2013-09-22,18.59732856088764,21.732954545454547,16.0,8.095238095238095,0.0,1.3419042142446402,0.0,33.333333333333336,0.0,0.0,23.83333333333333,72.24,14.436090225563909,100.0,15.78947368421053,6.315145334013258,40.6875,24.39711318429854,11.688311688311689,74.65934065934066,0.0
2013-09-29,20.238269316260077,9.65909090909091,8.0,20.238095238095237,0.0,1.136891070401709,16.46090534979424,0.0,0.0,5.570291777188329,29.033333333333328,79.8,25.26315789473684,84.0,6.459330143540671,8.814890362060174,63.9375,13.94120753388488,9.740259740259742,58.16483516483517,47.61904761904762
2013-10-06,13.674506294770323,12.073863636363638,8.0,12.142857142857144,0.0,0.35411361209233555,15.637860082304526,25.925925925925924,0.0,0.0,34.666666666666664,60.48,10.827067669172932,53.99999999999999,19.377990430622017,8.420193778684345,50.37499999999999,45.308924485125864,29.22077922077922,21.703296703296704,0.0
2013-10-13,15.315447050142762,9.65909090909091,8.0,12.142857142857144,0.0,0.35411361209233555,0.0,25.925925925925924,0.0,16.71087533156499,29.466666666666658,44.52,57.744360902255636,45.0,6.459330143540671,3.4207037225905146,46.50000000000001,12.19855659214927,9.740259740259742,81.6043956043956,29.761904761904763
2013-10-20,18.59732856088764,14.488636363636363,4.0,0.0,2.896642527978933,0.33547605356116006,28.806584362139915,22.22222222222222,0.0,0.0,22.099999999999998,37.8,39.69924812030075,41.0,5.741626794258374,1.5787863335033145,49.40624999999999,17.4265094173561,9.740259740259742,39.065934065934066,0.0
2013-10-27,13.12752604297951,4.829545454545455,12.0,4.0476190476190474,0.0,0.6336769900599689,13.991769547325102,0.0,0.0,0.0,22.96666666666666,55.44,18.045112781954884,30.999999999999996,27.990430622009573,2.894441611422743,57.15625,17.4265094173561,17.532467532467532,37.32967032967033,11.904761904761905
2013-11-03,14.768466798351948,4.829545454545455,16.0,12.142857142857144,2.7357179430912146,0.31683849502998446,27.983539094650205,22.22222222222222,0.0,4.774535809018567,33.8,34.44,18.045112781954884,0.0,16.507177033492827,1.4472208057113716,60.06250000000001,22.654462242562932,25.324675324675326,11.285714285714286,11.904761904761905
2013-11-10,12.580545791188698,4.829545454545455,8.0,4.0476190476190474,0.0,0.0,13.16872427983539,0.0,0.0,4.774535809018567,34.23333333333332,34.44,0.0,28.999999999999996,5.023923444976077,6.841407445181029,31.96875,5.22795282520683,0.0,28.64835164835165,0.0
2013-11-17,13.12752604297951,7.244318181818182,16.0,20.238095238095237,0.0,0.0,24.691358024691358,22.22222222222222,0.0,4.774535809018567,43.33333333333333,34.44,7.2180451127819545,28.0,5.023923444976077,9.209586945436001,56.1875,15.683858475620491,15.584415584415586,19.967032967032967,0.0
2013-11-24,16.40940755372439,9.65909090909091,8.0,8.095238095238095,0.0,0.27956337796763336,0.0,0.0,0.0,3.9787798408488064,32.06666666666666,44.52,18.045112781954884,35.0,15.07177033492823,6.578276389597145,28.09375,10.45590565041366,15.584415584415586,16.494505494505496,11.904761904761905
2013-12-01,14.768466798351948,2.4147727272727275,4.0,4.0476190476190474,0.0,0.0,11.522633744855966,0.0,0.0,0.0,26.86666666666666,44.52,25.26315789473684,26.0,5.023923444976077,6.1835798062213145,31.96875,8.71325470867805,7.792207792207793,15.626373626373628,0.0
2013-12-08,11.48658528760707,14.488636363636363,8.0,8.095238095238095,0.0,0.2609258194364578,11.522633744855966,18.51851851851852,0.0,8.753315649867373,23.399999999999995,33.6,32.48120300751879,26.999999999999996,9.330143540669859,2.4997450280469145,37.78125,13.94120753388488,0.0,32.120879120879124,0.0
2013-12-15,16.40940755372439,19.31818181818182,4.0,16.19047619047619,0.0,0.2982009364988089,0.0,22.22222222222222,0.0,0.0,14.299999999999997,27.72,18.045112781954884,36.99999999999999,5.023923444976077,6.972972972972972,30.031250000000004,5.22795282520683,7.792207792207793,25.17582417582417,11.904761904761905
2013-12-22,12.580545791188698,4.829545454545455,0.0,12.142857142857144,0.0,0.35411361209233555,0.0,0.0,0.0,0.0,28.16666666666666,15.12,21.654135338345863,33.99999999999999,6.459330143540671,3.2891381947985723,51.34375,6.97060376694244,0.0,25.17582417582417,14.880952380952381
2013-12-29,20.238269316260077,7.244318181818182,0.0,40.476190476190474,0.0,0.6150394315287934,27.160493827160494,0.0,0.0,14.323607427055704,29.89999999999999,25.2,10.827067669172932,22.999999999999996,10.765550239234452,4.341662417134115,46.50000000000001,27.88241506776976,7.792207792207793,18.23076923076923,11.904761904761905
2014-01-05,12.580545791188698,9.65909090909091,12.0,12.142857142857144,0.0,0.46593896327938894,0.0,0.0,0.0,0.0,22.533333333333328,33.6,7.2180451127819545,28.999999999999996,7.894736842105265,3.2891381947985723,60.06250000000001,17.4265094173561,0.0,32.98901098901099,8.928571428571427
2014-01-12,12.580545791188698,7.244318181818182,20.0,4.0476190476190474,1.9310950186526221,0.2236507023741067,9.876543209876543,0.0,0.0,0.0,38.999999999999986,21.0,0.0,11.0,7.894736842105265,4.078531361550229,50.37499999999999,24.39711318429854,23.376623376623378,18.23076923076923,0.0
2014-01-19,12.580545791188698,4.829545454545455,8.0,4.0476190476190474,0.0,0.20501314384293115,0.0,0.0,0.0,0.0,32.06666666666666,24.36,7.2180451127819545,35.99999999999999,15.07177033492823,1.973482916879143,39.71875,6.97060376694244,5.8441558441558445,17.362637362637365,0.0
2014-01-26,14.221486546561136,4.829545454545455,12.0,8.095238095238095,1.7701704337649036,0.20501314384293115,0.0,29.629629629629626,0.0,3.1830238726790454,20.799999999999994,32.76,14.436090225563909,20.0,7.177033492822968,0.9209586945436001,55.21874999999999,3.48530188347122,0.0,22.571428571428573,8.928571428571427
2014-02-02,19.691289064469267,12.073863636363638,8.0,16.19047619047619,0.0,0.0,18.930041152263374,14.814814814814813,0.0,3.1830238726790454,25.133333333333326,47.04,7.2180451127819545,41.0,3.588516746411484,2.894441611422743,50.37499999999999,15.683858475620491,11.688311688311689,30.384615384615387,8.928571428571427
2014-02-09,19.691289064469267,9.65909090909091,16.0,16.19047619047619,3.7012654524175255,0.20501314384293115,37.03703703703704,14.814814814814813,0.0,6.366047745358091,21.23333333333333,31.92,39.69924812030075,10.0,7.177033492822968,2.894441611422743,48.4375,12.19855659214927,11.688311688311689,30.384615384615387,17.857142857142854
2014-02-16,18.59732856088764,7.244318181818182,16.0,20.238095238095237,1.7701704337649036,0.20501314384293115,9.05349794238683,29.629629629629626,0.0,0.0,21.23333333333333,39.48,7.2180451127819545,30.999999999999996,15.07177033492823,10.788373278939316,52.3125,19.169160359091713,17.532467532467532,47.74725274725275,0.0
2014-02-23,16.9563878055152,7.244318181818182,16.0,12.142857142857144,7.080681735059614,0.20501314384293115,9.05349794238683,14.814814814814813,0.0,6.366047745358091,22.96666666666666,36.12,25.26315789473684,10.0,7.177033492822968,2.894441611422743,41.65624999999999,26.13976412603415,21.42857142857143,46.87912087912088,0.0
2014-03-02,19.144308812678453,12.073863636363638,24.0,12.142857142857144,7.080681735059614,0.20501314384293115,0.0,29.629629629629626,0.0,3.1830238726790454,29.033333333333328,34.44,46.9172932330827,35.99999999999999,14.354066985645936,5.788883222845486,55.21874999999999,19.169160359091713,5.8441558441558445,37.32967032967033,26.785714285714285
2014-03-09,21.879210071632517,4.829545454545455,0.0,24.28571428571429,1.7701704337649036,1.2487164215887623,18.10699588477366,14.814814814814813,0.0,12.732095490716182,31.633333333333326,45.36,43.30827067669173,41.0,10.765550239234452,6.709841917389086,51.34375,10.45590565041366,5.8441558441558445,44.27472527472528,0.0
2014-03-16,26.25505208595902,7.244318181818182,8.0,12.142857142857144,3.8621900373052442,1.3232666557134647,48.559670781893,48.148148148148145,0.0,3.1830238726790454,23.399999999999995,38.64,54.13533834586466,38.0,3.588516746411484,3.026007139214686,46.50000000000001,8.71325470867805,0.0,44.27472527472528,17.857142857142854
2014-03-23,23.520150827004954,12.073863636363638,0.0,4.0476190476190474,9.011776753712237,0.6336769900599689,18.930041152263374,29.629629629629626,0.0,3.1830238726790454,22.099999999999998,39.48,64.96240601503759,26.0,7.177033492822968,4.867924528301886,54.25000000000001,22.654462242562932,17.532467532467532,47.74725274725275,0.0
2014-03-30,31.72485460386715,19.31818181818182,16.0,40.476190476190474,15.931533903884134,0.9318779265587779,41.15226337448559,18.51851851851852,0.0,11.140583554376658,32.06666666666666,33.6,28.872180451127818,33.99999999999999,12.200956937799043,9.735849056603772,66.84374999999999,12.19855659214927,5.8441558441558445,58.16483516483517,17.857142857142854
2014-04-06,28.442973093122273,4.829545454545455,12.0,16.19047619047619,14.483212639894667,0.9505154850899534,32.098765432098766,70.37037037037037,0.0,11.140583554376658,16.03333333333333,48.72,90.22556390977442,46.99999999999999,4.30622009569378,3.2891381947985723,66.84374999999999,8.71325470867805,5.8441558441558445,57.2967032967033,20.833333333333332
2014-04-13,27.89599284133146,7.244318181818182,12.0,16.19047619047619,13.517665130568354,1.0437032777458313,34.5679012345679,18.51851851851852,0.0,0.0,19.93333333333333,43.68,39.69924812030075,38.0,4.30622009569378,2.3681795002549717,51.34375,36.595669776447814,27.272727272727277,55.56043956043956,0.0
2014-04-20,34.45975586282121,9.65909090909091,12.0,4.0476190476190474,6.597907980396458,0.50321408034174,33.74485596707819,55.55555555555556,0.0,7.957559681697613,19.499999999999993,31.08,39.69924812030075,25.0,13.636363636363638,3.5522692503824578,45.53125,8.71325470867805,7.792207792207793,48.61538461538461,0.0
2014-04-27,36.647676869984465,24.147727272727277,8.0,24.28571428571429,13.839514300343792,1.3419042142446402,46.91358024691358,96.29629629629629,0.0,7.957559681697613,21.666666666666664,21.0,43.30827067669173,20.0,0.0,0.0,53.28124999999999,5.22795282520683,0.0,69.45054945054946,0.0
2014-05-04,26.25505208595902,9.65909090909091,16.0,4.0476190476190474,6.115134225733303,0.0,10.699588477366255,18.51851851851852,0.0,7.161803713527852,26.43333333333333,37.8,36.09022556390977,28.999999999999996,8.61244019138756,4.473227944926057,57.15625,26.13976412603415,13.636363636363638,76.3956043956044,0.0
2014-05-11,31.72485460386715,12.073863636363638,8.0,8.095238095238095,16.09245848877185,0.9318779265587779,30.45267489711934,51.85185185185185,0.0,3.9787798408488064,36.83333333333333,40.32,50.52631578947368,33.99999999999999,12.200956937799043,3.2891381947985723,71.6875,20.91181130082732,25.324675324675326,63.37362637362637,8.928571428571427
2014-05-18,22.97317057521414,12.073863636363638,8.0,8.095238095238095,8.529002999049082,0.0,10.699588477366255,55.55555555555556,0.0,7.957559681697613,35.533333333333324,41.16,46.9172932330827,24.0,4.30622009569378,2.3681795002549717,78.46875,26.13976412603415,0.0,50.35164835164834,41.666666666666664
2014-05-25,36.10069661819365,19.31818181818182,8.0,16.19047619047619,0.0,0.7827774583093734,34.5679012345679,55.55555555555556,0.0,7.957559681697613,25.133333333333326,43.68,25.26315789473684,71.0,9.330143540669859,6.052014278429372,57.15625,27.88241506776976,13.636363636363638,71.18681318681318,41.666666666666664
2014-06-01,33.36579535923959,19.31818181818182,4.0,28.333333333333336,6.758832565284177,1.0437032777458313,23.045267489711932,0.0,0.0,7.957559681697613,25.999999999999996,28.56,25.26315789473684,6.0,4.30622009569378,4.867924528301886,62.0,33.1103678929766,21.42857142857143,46.010989010989015,20.833333333333332
2014-06-08,40.16253145093654,45.07575757575758,9.0,51.66666666666668,3.68663594470046,1.0437032777458313,23.045267489711932,0.0,0.0,8.753315649867373,39.0,44.081739130434784,53.68421052631579,1.9999999999999998,4.30622009569378,0.0,65.0,51.50501672240803,46.42857142857142,42.83781735505874,20.833333333333332
2014-06-15,42.01618674867208,38.63636363636364,13.0,45.0,7.37327188940092,1.6129959746981026,48.185559296670405,0.0,0.0,43.766578249336874,31.0,37.87304347826087,18.94736842105263,16.799999999999997,4.7368421052631575,9.735849056603772,64.0,25.752508361204015,21.428571428571427,41.251231527093594,10.416666666666666
2014-06-22,40.78041655018171,32.196969696969695,9.0,35.00000000000001,10.445468509984638,0.5692926969522716,12.570145903479235,0.0,0.0,33.42175066312998,28.0,45.944347826086954,34.73684210526316,13.999999999999998,0.0,17.849056603773583,80.99999999999999,47.82608695652175,32.142857142857146,66.63660477453581,0.0
2014-06-29,40.16253145093654,57.95454545454545,16.0,53.33333333333334,6.1443932411674345,1.5181138585393907,0.0,0.0,0.0,7.957559681697613,35.99999999999999,35.3895652173913,15.789473684210526,5.6,8.181818181818182,4.056603773584905,86.99999999999999,69.89966555183948,53.57142857142858,48.39086775293672,0.0
2014-07-06,40.16253145093654,64.39393939393939,13.0,63.33333333333334,3.0721966205837172,3.1311098332374936,56.56565656565655,0.0,0.0,16.71087533156499,35.99999999999999,44.081739130434784,25.26315789473684,11.799999999999997,8.61244019138756,22.716981132075468,100.0,88.29431438127091,42.857142857142854,53.15062523683214,10.416666666666666
2014-07-13,38.308876153201005,38.63636363636364,12.0,20.0,0.0,2.0874065554916625,33.52038907594463,0.0,0.0,7.957559681697613,40.0,43.46086956521739,15.789473684210526,5.799999999999999,4.30622009569378,12.981132075471697,72.0,55.183946488294325,42.857142857142854,79.32929139825691,10.416666666666666
2014-07-20,32.74791025999441,25.75757575757576,12.0,33.333333333333336,0.0,2.46693502012651,10.475121586232698,0.0,0.0,7.957559681697613,26.999999999999996,52.15304347826086,25.26315789473684,13.399999999999999,12.057416267942585,25.962264150943394,77.0,55.183946488294325,32.142857142857146,44.42440318302388,41.666666666666664
2014-07-27,41.3983016494269,90.15151515151516,40.0,46.666666666666664,0.0,0.9488211615871193,20.950243172465395,0.0,0.0,23.87267904509284,60.99999999999999,35.3895652173913,15.789473684210526,5.6,3.875598086124402,4.056603773584905,70.0,22.073578595317727,21.428571428571427,60.29026146267526,59.02777777777778
2014-08-03,39.54464635169136,32.196969696969695,4.0,33.333333333333336,0.0,2.94134560092007,20.950243172465395,0.0,0.0,39.787798408488065,41.99999999999999,42.21913043478261,25.26315789473684,11.399999999999999,8.181818181818182,34.88679245283018,53.0,22.073578595317727,21.428571428571427,67.42989768851838,10.416666666666666
2014-08-10,43.8698420464076,57.95454545454545,23.0,31.66666666666667,3.0721966205837172,4.174813110983325,20.950243172465395,0.0,0.0,0.0,44.0,41.59826086956521,0.0,16.199999999999996,11.626794258373208,16.22641509433962,74.0,66.2207357859532,39.28571428571429,70.60306934444866,20.833333333333332
2014-08-17,33.36579535923959,64.39393939393939,30.0,13.333333333333336,0.0,1.8976423231742385,10.475121586232698,0.0,0.0,15.119363395225463,40.0,41.59826086956521,15.789473684210526,8.999999999999998,3.875598086124402,12.169811320754716,62.0,29.431438127090303,28.571428571428573,46.010989010989015,48.61111111111112
2014-08-24,36.45522085546548,32.196969696969695,23.0,31.66666666666667,3.0721966205837172,1.4232317423806788,20.950243172465395,0.0,0.0,0.0,59.0,27.939130434782605,9.473684210526315,7.399999999999999,11.626794258373208,25.150943396226413,76.0,66.2207357859532,60.714285714285715,51.56403940886699,20.833333333333332
2014-08-31,32.74791025999441,32.196969696969695,0.0,13.333333333333336,0.0,2.372052903967798,10.475121586232698,0.0,0.0,0.0,29.999999999999996,51.53217391304347,9.473684210526315,16.599999999999998,12.057416267942585,21.094339622641506,62.0,69.89966555183948,21.428571428571427,63.463433118605536,0.0
2014-09-07,34.60156555772995,57.95454545454545,11.0,18.333333333333336,0.0,1.8976423231742385,31.42536475869809,0.0,0.0,22.281167108753316,50.0,39.73565217391304,22.105263157894736,14.399999999999997,11.626794258373208,12.169811320754716,53.99999999999999,44.147157190635454,28.571428571428573,48.39086775293672,0.0
2014-09-14,21.00809337433604,45.07575757575758,19.0,25.0,0.0,1.4232317423806788,10.475121586232698,0.0,0.0,7.161803713527852,49.0,50.91130434782608,6.31578947368421,16.199999999999996,7.751196172248804,20.283018867924525,62.99999999999999,44.147157190635454,50.0,42.04452444107616,27.777777777777782
2014-09-21,24.715403969807102,38.63636363636364,16.0,20.0,3.0721966205837172,0.0,23.045267489711932,0.0,0.0,7.957559681697613,44.0,39.11478260869565,9.473684210526315,11.399999999999999,4.30622009569378,34.88679245283018,47.0,40.468227424749166,21.428571428571427,37.28476695718075,41.666666666666664
2014-09-28,17.918667878110146,12.87878787878788,12.0,6.666666666666668,0.0,0.47441058079355963,0.0,0.0,0.0,7.957559681697613,46.99999999999999,44.081739130434784,9.473684210526315,9.2,0.0,4.056603773584905,32.99999999999999,29.431438127090303,32.142857142857146,42.83781735505874,20.833333333333332
2014-10-05,24.715403969807102,38.63636363636364,16.0,6.666666666666668,0.0,2.46693502012651,0.0,0.0,0.0,7.957559681697613,48.0,25.45565217391304,15.789473684210526,9.399999999999999,3.875598086124402,17.0377358490566,68.99999999999999,14.715719063545151,10.714285714285714,34.111595301250475,31.250000000000004
2014-10-12,17.300782778864974,32.196969696969695,16.0,6.666666666666668,0.0,1.8976423231742385,41.90048634493079,0.0,0.0,0.0,45.99999999999999,29.80173913043478,15.789473684210526,9.2,7.751196172248804,17.0377358490566,57.99999999999999,22.073578595317727,21.428571428571427,45.217696097006446,31.250000000000004
2014-10-19,20.390208275090856,25.75757575757576,20.0,20.0,0.0,0.0,10.475121586232698,0.0,0.0,0.0,50.0,41.59826086956521,31.57894736842105,9.399999999999999,0.0,30.0188679245283,58.99999999999999,40.468227424749166,10.714285714285714,36.49147404319818,0.0
2014-10-26,17.300782778864974,19.31818181818182,0.0,13.333333333333336,0.0,1.4232317423806788,10.475121586232698,0.0,0.0,7.957559681697613,52.99999999999999,50.29043478260869,9.473684210526315,10.999999999999996,15.933014354066986,16.22641509433962,55.0,51.50501672240803,50.0,26.971959075407355,38.19444444444444
2014-11-02,17.918667878110146,25.75757575757576,19.0,38.333333333333336,0.0,1.4232317423806788,20.950243172465395,0.0,0.0,30.238726790450926,57.0,24.834782608695647,41.05263157894736,5.399999999999999,15.933014354066986,25.150943396226413,42.99999999999999,51.50501672240803,28.571428571428573,29.351837817355058,0.0
2014-11-09,21.00809337433604,45.07575757575758,4.0,6.666666666666668,12.903225806451612,0.0,10.475121586232698,0.0,0.0,23.076923076923077,51.99999999999999,30.42260869565217,15.789473684210526,1.7999999999999996,3.875598086124402,21.094339622641506,47.99999999999999,62.5418060200669,32.142857142857146,25.385373247442214,0.0
2014-11-16,21.00809337433604,32.196969696969695,13.0,35.00000000000001,0.0,1.5181138585393907,0.0,0.0,0.0,33.42175066312998,50.99999999999999,42.21913043478261,25.26315789473684,19.799999999999997,8.61244019138756,31.641509433962263,31.0,40.468227424749166,21.428571428571427,50.77074649488443,0.0
2014-11-23,17.918667878110146,6.43939393939394,8.0,13.333333333333336,3.0721966205837172,0.47441058079355963,0.0,0.0,0.0,0.0,59.99999999999999,37.25217391304347,15.789473684210526,13.799999999999997,12.918660287081341,49.490566037735846,47.0,14.715719063545151,0.0,21.41890867752937,10.416666666666666
2014-11-30,16.682897679619796,32.196969696969695,8.0,6.666666666666668,0.0,1.0437032777458313,10.475121586232698,0.0,0.0,7.957559681697613,51.99999999999999,28.559999999999995,9.473684210526315,3.9999999999999996,8.61244019138756,26.77358490566037,31.0,47.82608695652175,32.142857142857146,36.49147404319818,10.416666666666666
2014-12-07,13.593472183393905,6.43939393939394,9.0,0.0,3.68663594470046,1.0437032777458313,12.570145903479235,0.0,0.0,0.0,92.99999999999999,33.52695652173912,28.421052631578945,12.399999999999999,13.349282296650719,23.528301886792452,37.0,25.752508361204015,35.71428571428572,20.625615763546797,0.0
2014-12-14,15.447127481129437,12.87878787878788,5.0,50.0,0.0,0.5692926969522716,12.570145903479235,0.0,0.0,19.893899204244033,53.99999999999999,24.213913043478257,9.473684210526315,6.999999999999999,5.167464114832537,42.18867924528301,28.999999999999996,11.036789297658864,14.285714285714286,11.10610079575597,13.888888888888891
2014-12-21,19.77232317584568,32.196969696969695,6.0,0.0,0.0,0.0,16.760194537972314,0.0,0.0,0.0,100.0,43.46086956521739,0.0,11.2,18.086124401913878,12.981132075471697,22.0,69.89966555183948,32.142857142857146,20.625615763546797,0.0
2014-12-28,23.47963377131675,19.31818181818182,6.0,28.333333333333336,0.0,0.0,14.665170220725775,0.0,0.0,22.281167108753316,52.99999999999999,36.01043478260869,12.63157894736842,10.599999999999998,5.598086124401915,30.0188679245283,47.99999999999999,44.147157190635454,28.571428571428573,16.659151193633953,0.0
2015-01-04,23.47963377131675,32.196969696969695,13.0,35.00000000000001,0.0,0.0,10.475121586232698,0.0,0.0,0.0,59.99999999999999,32.28521739130434,50.52631578947368,6.0,4.30622009569378,17.849056603773583,49.0,25.752508361204015,21.428571428571427,29.351837817355058,10.416666666666666
2015-01-11,17.300782778864974,25.75757575757576,12.0,6.666666666666668,0.0,0.0,10.475121586232698,0.0,0.0,7.957559681697613,55.0,31.04347826086956,9.473684210526315,3.7999999999999994,4.30622009569378,12.981132075471697,41.0,33.1103678929766,0.0,19.03902993558166,10.416666666666666
2015-01-18,17.300782778864974,25.75757575757576,8.0,0.0,3.0721966205837172,0.9488211615871193,20.950243172465395,0.0,0.0,0.0,62.0,35.3895652173913,31.57894736842105,3.7999999999999994,0.0,12.981132075471697,49.0,14.715719063545151,21.428571428571427,11.899393709738538,10.416666666666666
2015-01-25,19.77232317584568,25.75757575757576,8.0,40.0,12.903225806451612,0.47441058079355963,10.475121586232698,0.0,0.0,15.915119363395226,42.99999999999999,25.45565217391304,31.57894736842105,5.6,8.181818181818182,0.0,36.0,22.073578595317727,10.714285714285714,15.865858279651384,20.833333333333332
2015-02-01,26.569059267542634,19.31818181818182,8.0,40.0,0.0,0.47441058079355963,10.475121586232698,0.0,0.0,15.119363395225463,35.99999999999999,39.11478260869565,9.473684210526315,9.2,0.0,29.207547169811313,25.0,22.073578595317727,21.428571428571427,31.731716559302768,10.416666666666666
2015-02-08,21.625978473581213,12.87878787878788,0.0,20.0,3.0721966205837172,0.0,20.950243172465395,0.0,0.0,7.957559681697613,35.99999999999999,45.323478260869564,31.57894736842105,12.799999999999997,3.875598086124402,12.169811320754716,26.999999999999996,7.357859531772576,10.714285714285714,24.592080333459645,20.833333333333332
2015-02-15,22.243863572826392,19.31818181818182,4.0,25.0,0.0,0.0,0.0,0.0,0.0,15.119363395225463,48.0,32.28521739130434,31.57894736842105,12.599999999999998,19.37799043062201,16.22641509433962,47.0,22.073578595317727,10.714285714285714,39.66464569912846,27.777777777777782
2015-02-22,26.569059267542634,51.51515151515152,35.0,20.0,3.0721966205837172,0.9488211615871193,20.950243172465395,0.0,0.0,7.957559681697613,39.0,62.08695652173912,22.105263157894736,19.999999999999996,3.875598086124402,16.22641509433962,50.99999999999999,14.715719063545151,10.714285714285714,42.04452444107616,0.0
2015-03-01,28.422714565278163,25.75757575757576,11.0,31.66666666666667,11.674347158218124,1.8027602070155266,39.80546202768425,0.0,0.0,7.161803713527852,48.0,34.14782608695652,44.21052631578947,13.999999999999998,18.94736842105263,16.22641509433962,37.0,14.715719063545151,10.714285714285714,36.49147404319818,17.36111111111111
2015-03-08,29.65848476376852,57.95454545454545,30.0,25.0,11.674347158218124,0.47441058079355963,0.0,0.0,0.0,0.0,42.99999999999999,25.45565217391304,53.68421052631579,3.3999999999999995,7.320574162679426,16.22641509433962,35.0,44.147157190635454,46.42857142857142,25.385373247442214,38.19444444444444
2015-03-15,22.243863572826392,6.43939393939394,8.0,31.66666666666667,9.216589861751151,1.4232317423806788,0.0,0.0,0.0,0.0,50.0,36.63130434782608,22.105263157894736,10.799999999999997,7.751196172248804,12.169811320754716,80.0,51.50501672240803,39.28571428571429,37.28476695718075,27.777777777777782
2015-03-22,24.715403969807102,19.31818181818182,4.0,6.666666666666668,6.758832565284177,1.0437032777458313,0.0,0.0,0.0,0.0,41.0,42.21913043478261,69.47368421052632,7.999999999999999,4.30622009569378,81.1320754716981,68.99999999999999,58.862876254180605,21.428571428571427,38.87135278514589,31.250000000000004
2015-03-29,32.130025160749234,6.43939393939394,0.0,15.0,6.758832565284177,1.6129959746981026,12.570145903479235,0.0,0.0,8.753315649867373,45.99999999999999,38.49391304347826,44.21052631578947,10.399999999999999,9.043062200956939,18.660377358490564,74.0,58.862876254180605,21.428571428571427,38.07805987116332,34.72222222222222
2015-04-05,34.60156555772995,19.31818181818182,13.0,56.66666666666667,9.831029185867894,2.561817136285222,23.045267489711932,0.0,0.0,41.37931034482759,39.0,39.11478260869565,25.26315789473684,9.999999999999998,4.30622009569378,17.849056603773583,47.0,33.1103678929766,32.142857142857146,43.63111026904131,10.416666666666666
2015-04-12,34.60156555772995,25.75757575757576,8.0,33.333333333333336,12.903225806451612,0.0,0.0,0.0,0.0,23.076923076923077,37.0,54.63652173913043,47.368421052631575,13.199999999999998,8.181818181818182,21.094339622641506,60.99999999999999,14.715719063545151,10.714285714285714,36.49147404319818,20.833333333333332
2015-04-19,45.723497344143134,32.196969696969695,4.0,75.00000000000001,61.44393241167434,1.5181138585393907,0.0,0.0,0.0,79.57559681697613,16.0,36.01043478260869,31.57894736842105,13.399999999999999,16.363636363636363,12.981132075471697,56.0,14.715719063545151,10.714285714285714,30.14513073133763,10.416666666666666
2015-04-26,40.16253145093654,51.51515151515152,27.0,66.66666666666667,24.577572964669738,1.0437032777458313,0.0,0.0,0.0,61.273209549071616,35.99999999999999,51.53217391304347,28.421052631578945,12.599999999999998,4.30622009569378,33.264150943396224,40.0,18.39464882943144,21.428571428571427,48.39086775293672,20.833333333333332
2015-05-03,51.902348336594905,77.27272727272728,20.0,38.333333333333336,31.336405529953915,2.372052903967798,41.90048634493079,0.0,0.0,46.15384615384615,20.0,39.11478260869565,31.57894736842105,10.999999999999996,7.751196172248804,17.0377358490566,65.99999999999999,36.78929765886288,32.142857142857146,58.703675634710116,0.0
2015-05-10,53.13811853508527,64.39393939393939,12.0,40.0,25.806451612903224,1.9925244393329502,33.52038907594463,0.0,0.0,15.915119363395226,40.0,37.25217391304347,31.57894736842105,11.399999999999999,12.057416267942585,17.0377358490566,68.0,62.5418060200669,21.428571428571427,72.1896551724138,10.416666666666666
2015-05-17,52.52023343584009,51.51515151515152,35.0,51.66666666666668,41.167434715821805,0.9488211615871193,20.950243172465395,0.0,0.0,15.119363395225463,44.0,54.01565217391304,72.63157894736841,12.999999999999996,0.0,29.207547169811313,74.99999999999999,36.78929765886288,39.28571428571429,63.463433118605536,20.833333333333332
2015-05-24,61.78850992451775,38.63636363636364,12.0,60.0,31.950844854070656,4.4594594594594605,33.52038907594463,0.0,0.0,39.787798408488065,45.0,37.25217391304347,41.05263157894736,11.399999999999999,12.488038277511963,12.981132075471697,85.0,14.715719063545151,0.0,67.42989768851838,10.416666666666666
2015-05-31,60.5527397260274,70.83333333333333,12.0,40.0,19.047619047619044,4.4594594594594605,10.475121586232698,0.0,0.0,31.03448275862069,31.0,32.28521739130434,31.57894736842105,14.999999999999998,16.363636363636363,43.0,50.99999999999999,47.82608695652175,42.857142857142854,71.39636225843122,31.250000000000004
2015-06-14,59.27794520547945,75.0,7.384615384615385,100.0,30.227743271221527,19.459459459459463,58.08931061456313,0.0,0.0,57.93103448275862,39.55172413793103,70.18525519848771,31.57894736842105,31.744186046511622,100.0,45.0,51.62195121951219,33.478260869565226,61.9047619047619,77.74270557029178,0.0
2015-06-21,63.73972602739726,100.0,14.76923076923077,20.0,9.109730848861282,27.162162162162165,32.3776485392647,0.0,0.0,14.482758620689655,42.75862068965517,43.514858223062376,48.58299595141701,29.302325581395344,45.45454545454546,100.0,28.60975609756097,66.95652173913045,71.42857142857143,79.32929139825691,31.250000000000004
2015-06-28,43.34301369863014,79.16666666666667,12.000000000000002,20.0,9.109730848861282,4.4594594594594605,40.94820256436417,0.0,0.0,22.75862068965517,47.56896551724137,30.179659735349716,34.008097165991906,19.883720930232556,58.18181818181819,40.0,30.47560975609756,38.2608695652174,28.571428571428573,62.67014020462297,31.250000000000004
2015-07-05,43.34301369863014,54.16666666666667,12.000000000000002,40.0,8.281573498964802,8.108108108108109,0.0,0.0,0.0,14.482758620689655,42.75862068965517,26.67039697542533,12.145748987854253,18.488372093023255,27.272727272727273,15.0,27.987804878048774,52.608695652173914,52.38095238095237,64.2567260325881,0.0
2015-07-12,31.86986301369863,41.66666666666667,5.538461538461539,13.333333333333332,8.281573498964802,12.162162162162163,0.0,0.0,0.0,6.206896551724137,53.44827586206896,47.02412098298677,17.004048582995953,31.046511627906973,54.54545454545455,21.999999999999996,39.18292682926829,57.39130434782609,61.9047619047619,57.11708980674498,67.70833333333334
2015-07-19,40.15602739726027,50.0,8.307692307692308,33.33333333333333,4.140786749482401,15.81081081081081,37.13906744209774,0.0,0.0,39.3103448275862,38.48275862068965,35.79448015122873,29.149797570850197,17.790697674418606,52.727272727272734,29.0,27.365853658536587,33.478260869565226,23.80952380952381,39.66464569912846,15.625000000000002
2015-07-26,36.33164383561644,45.833333333333336,5.538461538461539,36.666666666666664,4.140786749482401,7.7027027027027035,18.093391830765565,0.0,0.0,33.103448275862064,49.172413793103445,49.12967863894139,9.7165991902834,32.790697674418595,40.0,43.0,41.048780487804876,47.82608695652175,23.80952380952381,59.49696854869269,52.08333333333334
2015-08-02,41.430821917808224,41.66666666666667,6.461538461538463,33.33333333333333,7.867494824016562,26.351351351351358,26.66394585586504,0.0,0.0,18.62068965517241,40.08620689655172,30.179659735349716,12.145748987854253,14.651162790697672,25.454545454545457,27.999999999999996,25.499999999999996,52.608695652173914,71.42857142857143,31.731716559302768,41.666666666666664
2015-08-09,42.06821917808219,33.333333333333336,10.153846153846155,50.0,0.0,31.216216216216218,37.13906744209774,0.0,0.0,18.62068965517241,35.8103448275862,32.28521739130434,12.145748987854253,20.23255813953488,52.727272727272734,65.0,33.58536585365853,43.04347826086957,23.80952380952381,57.91038272072755,15.625000000000002
2015-08-16,33.144657534246576,37.5,7.384615384615385,13.333333333333332,3.7267080745341614,15.000000000000004,0.0,0.0,0.0,24.827586206896548,44.36206896551723,44.91856332703213,29.149797570850197,21.627906976744182,25.454545454545457,6.999999999999999,22.39024390243902,71.73913043478262,71.42857142857143,54.73721106479727,26.04166666666667
2015-08-23,24.221095890410957,12.5,6.461538461538463,23.333333333333332,3.7267080745341614,7.297297297297298,8.570554025099478,0.0,0.0,6.206896551724137,27.258620689655167,30.179659735349716,17.004048582995953,21.627906976744182,74.54545454545455,34.0,35.45121951219512,81.30434782608697,71.42857142857143,42.83781735505874,26.04166666666667
2015-08-30,21.034109589041094,16.666666666666668,7.384615384615385,13.333333333333332,7.453416149068323,18.64864864864865,8.570554025099478,0.0,0.0,24.827586206896548,32.603448275862064,24.564839319470696,19.4331983805668,11.860465116279068,38.18181818181819,27.0,32.96341463414634,71.73913043478262,57.142857142857146,41.251231527093594,36.458333333333336
2015-09-06,21.034109589041094,20.833333333333336,4.615384615384616,6.666666666666666,0.0,7.297297297297298,8.570554025099478,0.0,0.0,0.0,32.603448275862064,38.60189035916824,29.149797570850197,11.860465116279068,25.454545454545457,20.0,36.073170731707314,38.2608695652174,71.42857142857143,53.15062523683214,10.416666666666666
2015-09-13,18.48452054794521,20.833333333333336,4.615384615384616,16.666666666666664,3.7267080745341614,15.000000000000004,8.570554025099478,0.0,0.0,6.206896551724137,39.01724137931034,43.514858223062376,7.287449392712549,21.627906976744182,50.909090909090914,21.0,30.47560975609756,47.82608695652175,57.142857142857146,41.251231527093594,52.08333333333334
2015-09-20,23.583698630136986,25.0,6.461538461538463,16.666666666666664,0.0,12.567567567567568,9.522837805666088,0.0,0.0,6.206896551724137,32.068965517241374,42.11115311909262,9.7165991902834,29.651162790697672,56.36363636363637,23.0,29.853658536585364,43.04347826086957,38.095238095238095,42.04452444107616,57.291666666666664
2015-09-27,24.221095890410957,41.66666666666667,6.461538461538463,16.666666666666664,0.0,7.7027027027027035,8.570554025099478,0.0,0.0,18.62068965517241,32.068965517241374,38.60189035916824,7.287449392712549,14.651162790697672,38.18181818181819,27.999999999999996,24.8780487804878,38.2608695652174,38.095238095238095,31.731716559302768,15.625000000000002
2015-10-04,21.034109589041094,16.666666666666668,0.9230769230769231,16.666666666666664,0.0,7.7027027027027035,0.0,0.0,0.0,18.62068965517241,40.08620689655172,36.49633270321361,4.8582995951417,14.651162790697672,12.727272727272728,27.999999999999996,29.231707317073166,43.04347826086957,38.095238095238095,46.010989010989015,26.04166666666667
2015-10-11,19.12191780821918,20.833333333333336,1.8461538461538463,13.333333333333332,0.0,0.0,0.0,0.0,0.0,6.206896551724137,27.258620689655167,43.514858223062376,17.004048582995953,16.744186046511626,50.909090909090914,48.0,24.8780487804878,38.2608695652174,33.33333333333333,49.18416066691929,10.416666666666666
2015-10-18,17.20972602739726,20.833333333333336,1.8461538461538463,6.666666666666666,3.7267080745341614,15.000000000000004,8.570554025099478,0.0,0.0,12.413793103448274,27.258620689655167,36.49633270321361,19.4331983805668,21.627906976744182,50.909090909090914,40.99999999999999,17.414634146341463,62.173913043478265,47.61904761904762,39.66464569912846,0.0
2015-10-25,14.022739726027394,12.5,1.8461538461538463,13.333333333333332,3.7267080745341614,7.297297297297298,0.0,0.0,0.0,12.413793103448274,25.655172413793103,36.49633270321361,7.287449392712549,19.186046511627907,49.09090909090909,27.0,17.414634146341463,19.1304347826087,23.80952380952381,34.90488821523304,10.416666666666666
2015-11-01,26.133287671232875,25.0,4.615384615384616,30.0,7.453416149068323,10.945945945945947,0.0,0.0,0.0,43.44827586206897,30.465517241379306,37.90003780718336,4.8582995951417,21.279069767441857,23.636363636363637,60.0,27.987804878048774,38.2608695652174,33.33333333333333,36.49147404319818,52.08333333333334
2015-11-08,17.20972602739726,12.5,3.6923076923076925,16.666666666666664,0.0,7.297297297297298,8.570554025099478,0.0,0.0,12.413793103448274,34.741379310344826,47.725973534971644,7.287449392712549,23.720930232558135,25.454545454545457,46.99999999999999,22.39024390243902,47.82608695652175,71.42857142857143,34.90488821523304,52.08333333333334
2015-11-15,20.396712328767123,20.833333333333336,4.615384615384616,20.0,7.867494824016562,11.351351351351353,26.66394585586504,0.0,0.0,18.62068965517241,39.55172413793103,39.303742911153115,7.287449392712549,12.209302325581396,50.909090909090914,21.0,19.28048780487805,19.1304347826087,38.095238095238095,39.66464569912846,15.625000000000002
2015-11-22,17.84712328767123,8.333333333333334,1.8461538461538463,13.333333333333332,4.140786749482401,4.054054054054054,9.522837805666088,0.0,0.0,6.206896551724137,24.586206896551722,42.8130056710775,12.145748987854253,25.11627906976744,52.727272727272734,21.0,22.39024390243902,28.695652173913047,23.80952380952381,38.87135278514589,0.0
2015-11-29,14.66013698630137,25.0,3.6923076923076925,6.666666666666666,7.867494824016562,3.648648648648649,8.570554025099478,0.0,0.0,6.206896551724137,26.72413793103448,28.77595463137996,24.291497975708506,22.325581395348834,25.454545454545457,27.999999999999996,25.499999999999996,19.1304347826087,14.285714285714286,36.49147404319818,15.625000000000002
2015-12-06,14.66013698630137,12.5,3.6923076923076925,20.0,0.0,7.7027027027027035,18.093391830765565,0.0,0.0,6.206896551724137,20.844827586206893,30.179659735349716,9.7165991902834,5.232558139534883,27.272727272727273,29.0,19.28048780487805,19.1304347826087,38.095238095238095,16.659151193633953,0.0
2015-12-13,12.110547945205479,16.666666666666668,0.9230769230769231,20.0,0.0,8.918918918918921,0.0,0.0,0.0,8.275862068965516,21.913793103448274,25.968544423440452,9.7165991902834,11.511627906976743,60.00000000000001,25.0,15.548780487804876,14.347826086956523,28.571428571428573,21.41890867752937,15.625000000000002
2015-12-20,19.759315068493148,25.0,1.8461538461538463,23.333333333333332,0.0,0.0,0.0,0.0,0.0,26.89655172413793,31.0,21.757429111531188,0.0,10.11627906976744,34.54545454545455,19.0,18.036585365853657,19.1304347826087,33.33333333333333,16.659151193633953,15.625000000000002
2015-12-27,22.946301369863015,29.166666666666668,1.8461538461538463,33.33333333333333,0.0,0.0,48.56647280889705,0.0,0.0,8.275862068965516,27.258620689655167,23.161134215500944,12.145748987854253,6.6279069767441845,18.181818181818183,19.0,18.036585365853657,28.695652173913047,33.33333333333333,19.03902993558166,15.625000000000002
2016-01-03,19.12191780821918,12.5,3.6923076923076925,6.666666666666666,3.7267080745341614,3.648648648648649,0.0,0.0,0.0,0.0,18.17241379310345,24.564839319470696,4.8582995951417,14.302325581395348,12.727272727272728,13.999999999999998,21.768292682926827,28.695652173913047,33.33333333333333,19.83232284956423,10.416666666666666
2016-01-10,14.66013698630137,4.166666666666667,0.0,20.0,0.0,10.945945945945947,8.570554025099478,0.0,0.0,18.62068965517241,26.72413793103448,16.14260869565217,7.287449392712549,9.418604651162788,12.727272727272728,13.0,14.304878048780486,4.782608695652175,9.523809523809524,11.899393709738538,10.416666666666666
2016-01-17,14.022739726027394,16.666666666666668,1.8461538461538463,20.0,0.0,3.648648648648649,8.570554025099478,0.0,0.0,18.62068965517241,22.44827586206896,23.161134215500944,26.720647773279353,16.395348837209298,49.09090909090909,20.0,24.256097560975608,19.1304347826087,9.523809523809524,28.55854490337249,0.0
2016-01-24,21.67150684931507,20.833333333333336,1.8461538461538463,13.333333333333332,3.7267080745341614,3.648648648648649,0.0,0.0,0.0,12.413793103448274,30.465517241379306,49.83153119092627,17.004048582995953,23.37209302325581,12.727272727272728,27.0,16.792682926829265,19.1304347826087,23.80952380952381,13.485979537703678,10.416666666666666
2016-01-31,25.4958904109589,20.833333333333336,2.7692307692307696,20.0,0.0,0.0,16.18882426963235,0.0,0.0,6.206896551724137,26.72413793103448,40.70744801512287,14.574898785425098,24.41860465116279,81.81818181818184,32.0,16.792682926829265,4.782608695652175,9.523809523809524,40.457938613111025,10.416666666666666
2016-02-07,21.034109589041094,16.666666666666668,0.9230769230769231,6.666666666666666,3.7267080745341614,10.540540540540542,8.570554025099478,0.0,0.0,6.206896551724137,33.137931034482754,37.19818525519848,12.145748987854253,20.23255813953488,47.27272727272727,26.0,36.69512195121951,23.913043478260875,23.80952380952381,25.385373247442214,26.04166666666667
2016-02-14,17.20972602739726,8.333333333333334,0.9230769230769231,13.333333333333332,3.7267080745341614,10.540540540540542,8.570554025099478,0.0,0.0,16.551724137931032,14.431034482758617,55.44635160680528,12.145748987854253,24.767441860465116,10.90909090909091,6.0,37.939024390243894,23.913043478260875,23.80952380952381,22.21220159151194,46.87500000000001
2016-02-21,19.12191780821918,8.333333333333334,3.6923076923076925,3.333333333333333,17.805383022774325,3.648648648648649,24.759378294731828,0.0,0.0,0.0,26.72413793103448,40.00559546313799,34.008097165991906,11.162790697674417,58.18181818181819,26.0,47.26829268292682,38.2608695652174,42.857142857142854,23.798787419477076,62.50000000000001
2016-02-28,18.48452054794521,4.166666666666667,2.7692307692307696,13.333333333333332,7.039337474120082,10.135135135135137,7.618270244532869,0.0,0.0,0.0,18.706896551724135,64.57043478260869,29.149797570850197,30.34883720930232,45.45454545454546,19.0,38.5609756097561,28.695652173913047,42.857142857142854,19.83232284956423,20.833333333333332
2016-03-06,20.396712328767123,16.666666666666668,0.9230769230769231,6.666666666666666,7.039337474120082,3.2432432432432434,15.236540489065739,0.0,0.0,10.344827586206895,25.655172413793103,51.937088846880904,14.574898785425098,23.720930232558135,90.90909090909092,18.0,48.512195121951216,43.04347826086957,42.857142857142854,51.56403940886699,57.291666666666664
2016-03-13,20.396712328767123,20.833333333333336,0.0,6.666666666666666,32.29813664596273,0.0,0.0,0.0,0.0,16.551724137931032,29.396551724137925,42.11115311909262,19.4331983805668,11.162790697674417,47.27272727272727,19.0,44.158536585365844,66.95652173913045,100.0,27.76525198938992,26.04166666666667
2016-03-20,26.77068493150685,16.666666666666668,0.9230769230769231,23.333333333333332,28.985507246376805,4.054054054054054,19.045675611332175,0.0,0.0,14.482758620689655,31.534482758620687,40.00559546313799,17.004048582995953,10.465116279069766,41.81818181818182,37.0,29.231707317073166,38.2608695652174,38.095238095238095,34.90488821523304,26.04166666666667
2016-03-27,32.5072602739726,16.666666666666668,1.8461538461538463,20.0,41.407867494824,7.297297297297298,17.141108050198955,0.0,0.0,24.827586206896548,32.068965517241374,28.074102079395082,4.8582995951417,16.744186046511626,25.454545454545457,20.0,33.58536585365853,57.39130434782609,95.23809523809524,37.28476695718075,26.04166666666667
2016-04-03,26.77068493150685,16.666666666666668,2.7692307692307696,13.333333333333332,24.430641821946164,13.783783783783786,23.807094514165215,0.0,0.0,16.551724137931032,26.72413793103448,33.6889224952741,29.149797570850197,13.255813953488369,23.636363636363637,25.0,41.67073170731707,14.347826086956523,23.80952380952381,45.217696097006446,10.416666666666666
2016-04-10,28.682876712328767,20.833333333333336,6.461538461538463,10.0,21.11801242236025,17.432432432432435,8.570554025099478,0.0,0.0,22.75862068965517,19.241379310344826,29.47780718336484,14.574898785425098,11.162790697674417,10.90909090909091,25.0,48.512195121951216,47.82608695652175,76.19047619047619,18.24573702159909,26.04166666666667
2016-04-17,31.232465753424652,25.0,5.538461538461539,20.0,31.884057971014485,10.540540540540542,24.759378294731828,0.0,0.0,35.172413793103445,21.913793103448274,40.70744801512287,26.720647773279353,24.767441860465116,47.27272727272727,38.0,56.59756097560975,62.173913043478265,85.71428571428571,33.318302387267906,46.87500000000001
2016-04-24,36.96904109589042,20.833333333333336,3.6923076923076925,33.33333333333333,33.954451345755686,22.297297297297302,8.570554025099478,0.0,0.0,37.24137931034482,23.517241379310345,33.6889224952741,29.149797570850197,23.720930232558135,38.18181818181819,20.0,45.40243902439024,33.478260869565226,33.33333333333333,45.217696097006446,78.125
2016-05-01,38.24383561643836,12.5,2.7692307692307696,46.666666666666664,21.946169772256724,7.297297297297298,17.141108050198955,0.0,0.0,41.37931034482758,36.87931034482758,30.88151228733459,24.291497975708506,9.418604651162788,49.09090909090909,40.0,47.89024390243902,57.39130434782609,57.142857142857146,55.53050397877984,62.50000000000001
2016-05-08,38.881232876712325,29.166666666666668,3.6923076923076925,20.0,21.532091097308484,27.97297297297298,8.570554025099478,0.0,0.0,45.51724137931034,30.465517241379306,37.19818525519848,46.15384615384615,20.23255813953488,47.27272727272727,45.0,54.73170731707317,43.04347826086957,33.33333333333333,46.010989010989015,26.04166666666667
2016-05-15,40.15602739726027,20.833333333333336,4.615384615384616,26.666666666666664,25.672877846790886,3.648648648648649,17.141108050198955,0.0,0.0,35.172413793103445,21.379310344827584,38.60189035916824,34.008097165991906,9.069767441860465,36.36363636363637,58.99999999999999,44.78048780487804,62.173913043478265,66.66666666666666,35.69818112921561,52.08333333333334
2016-05-22,40.15602739726027,25.0,5.538461538461539,16.666666666666664,29.81366459627329,25.540540540540544,17.141108050198955,0.0,0.0,18.62068965517241,37.41379310344827,28.074102079395082,29.149797570850197,9.418604651162788,49.09090909090909,34.0,36.073170731707314,52.608695652173914,47.61904761904762,40.457938613111025,26.04166666666667
2016-05-29,43.34301369863014,33.333333333333336,4.615384615384616,30.0,21.532091097308484,24.729729729729733,8.570554025099478,0.0,0.0,28.96551724137931,29.93103448275862,55.44635160680528,26.720647773279353,23.023255813953487,60.00000000000001,46.0,32.96341463414634,43.04347826086957,33.33333333333333,49.18416066691929,62.50000000000001
2016-06-05,46.529999999999994,25.0,11.076923076923078,50.0,11.180124223602483,32.432432432432435,67.61214842022922,0.0,0.0,60.0,31.534482758620687,53.34079395085066,31.57894736842105,34.88372093023255,36.36363636363637,53.0,62.195121951219505,62.173913043478265,47.61904761904762,47.59757483895415,62.50000000000001
2016-06-12,38.53999999999999,20.833333333333336,8.703296703296706,57.89473684210526,23.60248447204969,68.91891891891892,61.816821412781,0.0,0.0,51.99999999999999,23.863932898415655,49.66211850596441,37.59398496240601,37.712130735386545,23.94678492239468,19.046875,45.40243902439024,38.26086956521739,18.315018315018314,31.04189663410053,70.83333333333334
2016-06-19,40.88999999999999,18.75,4.747252747252748,28.94736842105263,11.180124223602483,50.0,23.181308029792874,0.0,0.0,76.0,26.846924510717617,61.31125741477087,18.045112781954884,12.256442489000626,23.059866962305993,46.375,45.40243902439024,71.73913043478261,40.29304029304029,39.83710068042902,20.833333333333332
2016-06-26,35.72,14.583333333333334,11.86813186813187,57.89473684210526,3.7267080745341614,33.78378378378378,48.294391728735164,0.0,0.0,64.0,24.716216216216214,47.82278078352128,25.56390977443609,28.284098051539907,15.077605321507761,46.375,34.829268292682926,71.73913043478261,58.60805860805861,40.35446562433069,45.833333333333336
2016-07-03,34.309999999999995,12.5,1.5824175824175826,57.89473684210526,0.0,59.45945945945947,48.294391728735164,0.0,0.0,25.999999999999996,25.994641192917054,28.816290984942313,18.045112781954884,8.01382778126964,0.0,37.265625,41.67073170731707,57.391304347826086,47.61904761904762,51.73649439016756,33.333333333333336
2016-07-10,38.53999999999999,20.833333333333336,8.703296703296706,23.68421052631579,3.7267080745341614,24.324324324324326,0.0,0.0,0.0,25.0,25.568499534016773,41.69165504204418,18.045112781954884,28.284098051539907,15.077605321507761,0.0,42.91463414634146,81.30434782608694,29.304029304029307,27.420342026788802,0.0
2016-07-17,30.549999999999997,25.0,8.703296703296706,5.2631578947368425,11.801242236024844,25.675675675675677,11.590654014896437,0.0,0.0,76.99999999999999,27.27306616961789,40.46542989374878,7.518796992481203,32.52671275927089,23.059866962305993,19.046875,34.829268292682926,43.04347826086956,40.29304029304029,44.4933851755441,45.833333333333336
2016-07-24,30.549999999999997,20.833333333333336,7.120879120879122,39.473684210526315,11.180124223602483,41.891891891891895,11.590654014896437,0.0,0.0,25.0,23.011649580615096,38.62609217130565,25.56390977443609,24.04148334380892,15.077605321507761,45.546875,37.939024390243894,47.826086956521735,29.304029304029307,40.87183056823237,100.0
2016-07-31,36.190000000000005,14.583333333333334,8.703296703296706,50.0,7.453416149068323,41.891891891891895,23.181308029792874,0.0,0.0,100.0,25.142357875116495,38.62609217130565,7.518796992481203,19.798868636077938,22.1729490022173,9.109375,20.524390243902438,47.826086956521735,47.61904761904762,35.18081618531394,20.833333333333332
2016-08-07,40.42,20.833333333333336,7.120879120879122,18.42105263157895,3.7267080745341614,25.675675675675677,36.70373771383872,0.0,0.0,39.0,23.863932898415655,45.98344306107815,19.548872180451127,29.22690131992457,31.042128603104214,57.14062499999999,41.67073170731707,57.391304347826086,51.282051282051285,36.732911017018964,33.333333333333336
2016-08-14,31.490000000000002,18.75,17.406593406593412,28.94736842105263,0.0,50.0,23.181308029792874,0.0,0.0,38.0,25.994641192917054,54.56701909914607,25.56390977443609,44.78315524827152,46.119733924611985,37.265625,46.02439024390243,47.826086956521735,47.61904761904762,50.184399558462516,66.66666666666667
2016-08-21,35.25,22.916666666666668,11.86813186813187,5.2631578947368425,0.0,8.108108108108109,25.11308369894228,0.0,0.0,25.999999999999996,27.69920782851817,58.24569454403232,10.526315789473683,41.48334380892519,15.964523281596453,28.156249999999996,44.158536585365844,86.08695652173913,51.282051282051285,39.31973573652734,58.333333333333336
2016-08-28,44.18,39.583333333333336,22.153846153846157,15.789473684210527,0.0,8.108108108108109,34.77196204468931,0.0,0.0,61.99999999999999,28.977632805219013,48.435893357668995,10.526315789473683,35.826524198617214,22.1729490022173,72.875,32.96341463414634,28.695652173913043,29.304029304029307,33.62872135360891,12.5
2016-09-04,34.309999999999995,35.416666666666664,13.450549450549453,55.26315789473685,3.7267080745341614,16.216216216216218,0.0,0.0,0.0,49.0,18.7502329916123,43.530992764487316,13.533834586466165,47.140163419233176,29.26829268292683,27.328125,39.80487804878048,19.130434782608695,18.315018315018314,25.350882251182103,33.333333333333336
2016-09-11,31.019999999999996,33.333333333333336,10.285714285714288,15.789473684210527,7.453416149068323,0.0,11.590654014896437,0.0,0.0,25.0,21.73322460391426,50.275231080112114,15.037593984962406,24.04148334380892,7.095343680709536,63.765625,55.353658536585364,81.30434782608694,47.61904761904762,44.4933851755441,41.666666666666664
2016-09-18,31.96,33.333333333333336,14.241758241758244,18.42105263157895,0.0,33.78378378378378,11.590654014896437,0.0,0.0,51.99999999999999,25.142357875116495,47.82278078352128,4.511278195488721,37.712130735386545,39.024390243902445,76.1875,31.71951219512195,57.391304347826086,51.282051282051285,26.902977082887126,12.5
2016-09-25,23.970000000000002,18.75,5.538461538461539,23.68421052631579,11.801242236024844,17.56756756756757,11.590654014896437,0.0,0.0,12.999999999999998,34.51747437092264,49.66211850596441,3.0075187969924815,28.75549968573224,23.059866962305993,19.046875,29.853658536585364,57.391304347826086,69.59706959706959,27.937706970690478,20.833333333333332
2016-10-02,25.379999999999995,22.916666666666668,8.703296703296706,28.94736842105263,0.0,41.891891891891895,34.77196204468931,0.0,0.0,25.0,29.403774464119287,40.46542989374878,7.518796992481203,28.284098051539907,23.059866962305993,55.484375,27.365853658536587,33.47826086956522,29.304029304029307,21.729327643870374,12.5
2016-10-09,23.970000000000002,14.583333333333334,3.164835164835165,23.68421052631579,3.7267080745341614,16.216216216216218,0.0,0.0,0.0,38.0,21.73322460391426,45.98344306107815,21.052631578947366,12.256442489000626,30.155210643015522,82.8125,23.63414634146341,47.826086956521735,47.61904761904762,21.729327643870374,33.333333333333336
2016-10-16,18.8,10.416666666666668,10.285714285714288,23.68421052631579,7.453416149068323,16.216216216216218,0.0,0.0,0.0,38.0,23.011649580615096,40.46542989374878,15.037593984962406,20.270270270270267,7.982261640798226,55.484375,15.548780487804876,4.782608695652174,10.989010989010989,28.97243685849383,12.5
2016-10-23,20.21,12.5,0.0,39.473684210526315,7.453416149068323,16.216216216216218,23.181308029792874,0.0,0.0,64.0,15.767241379310343,42.3047676161919,10.526315789473683,16.02765556253928,23.059866962305993,55.484375,32.96341463414634,33.47826086956522,40.29304029304029,19.142502924361995,20.833333333333332
2016-10-30,18.8,6.25,1.5824175824175826,5.2631578947368425,0.0,22.972972972972972,23.181308029792874,0.0,0.0,12.0,31.108341099720406,38.01297959715794,7.518796992481203,38.18353236957888,35.47671840354768,43.890625,21.146341463414632,19.130434782608695,18.315018315018314,23.2814224755754,12.5
2016-11-06,20.21,12.5,4.747252747252748,15.789473684210527,3.7267080745341614,16.216216216216218,23.181308029792874,0.0,0.0,12.0,28.55149114631873,44.757217912782735,7.518796992481203,15.084852294154617,0.0,34.78125,19.90243902439024,4.782608695652174,0.0,32.07662652190388,8.333333333333334
2016-11-13,20.21,8.333333333333334,3.164835164835165,34.21052631578948,0.0,8.108108108108109,23.181308029792874,0.0,0.0,38.0,26.420782851817336,52.11456880255524,7.518796992481203,32.05531112507856,7.095343680709536,0.0,27.365853658536587,43.04347826086956,40.29304029304029,15.00358337314859,20.833333333333332
2016-11-20,14.57,6.25,0.0,5.2631578947368425,0.0,16.216216216216218,0.0,0.0,0.0,0.0,33.665191053122086,29.42940355909002,7.518796992481203,24.04148334380892,30.155210643015522,45.546875,19.90243902439024,33.47826086956522,40.29304029304029,17.59040809265697,20.833333333333332
2016-11-27,15.98,12.5,1.5824175824175826,21.05263157894737,0.0,24.324324324324326,0.0,0.0,0.0,37.0,29.82991612301957,43.530992764487316,18.045112781954884,23.570081709616588,22.1729490022173,62.93749999999999,21.146341463414632,33.47826086956522,10.989010989010989,18.62513798046032,12.5
2016-12-04,17.86,10.416666666666668,3.164835164835165,26.31578947368421,7.453416149068323,8.108108108108109,11.590654014896437,0.0,0.0,24.0,36.648182665424045,28.816290984942313,3.0075187969924815,23.570081709616588,22.1729490022173,18.21875,11.19512195121951,4.782608695652174,0.0,20.177232812165347,12.5
2016-12-11,15.98,8.333333333333334,1.5824175824175826,31.578947368421055,4.347826086956522,0.0,25.11308369894228,0.0,0.0,40.99999999999999,42.614165890027955,35.560529300567104,16.541353383458645,44.31175361407918,24.833702882483372,50.51562500000001,19.90243902439024,14.347826086956522,10.989010989010989,11.899393709738538,12.5
2016-12-18,16.45,8.333333333333334,0.0,21.05263157894737,4.347826086956522,18.918918918918923,27.044859368091693,0.0,0.0,15.0,24.290074557315933,36.786754448862524,9.022556390977442,9.428032683846636,0.0,21.53125,13.682926829268293,23.913043478260867,10.989010989010989,12.93412359754189,12.5
2016-12-25,19.740000000000002,4.166666666666667,6.32967032967033,15.789473684210527,0.0,10.81081081081081,0.0,0.0,0.0,66.0,25.568499534016773,42.91788019033961,4.511278195488721,16.02765556253928,30.155210643015522,24.015625,20.524390243902438,19.130434782608695,10.989010989010989,19.65986786826367,12.5
2017-01-01,24.91,6.25,3.956043956043957,36.8421052631579,0.0,25.675675675675677,0.0,0.0,0.0,27.0,19.176374650512578,25.137615540056057,15.037593984962406,16.970458830923945,15.964523281596453,38.921875,23.012195121951216,23.913043478260867,21.978021978021978,7.243109214623457,25.0
2017-01-08,12.219999999999999,4.166666666666667,1.5824175824175826,26.31578947368421,6.832298136645963,14.864864864864867,32.84018637553991,0.0,0.0,35.0,20.454799627213422,31.881853855680852,24.060150375939852,18.856065367693272,14.190687361419071,25.671875,20.524390243902438,23.913043478260867,7.326007326007327,12.93412359754189,8.333333333333334
2017-01-15,18.33,10.416666666666668,3.164835164835165,15.789473684210527,3.7267080745341614,16.216216216216218,11.590654014896437,0.0,0.0,24.0,26.420782851817336,41.07854246789648,0.0,15.084852294154617,0.0,34.78125,23.012195121951216,19.130434782608695,18.315018315018314,7.760474158525133,20.833333333333332
2017-01-22,16.92,4.166666666666667,4.747252747252748,10.526315789473685,10.559006211180124,8.108108108108109,0.0,0.0,0.0,12.0,18.324091332712023,33.10807900397627,10.526315789473683,22.627278441231926,21.286031042128606,17.390625,26.121951219512194,43.04347826086956,54.94505494505494,18.107773036558644,29.166666666666668
2017-01-29,21.62,10.416666666666668,1.5824175824175826,26.31578947368421,0.0,22.972972972972972,32.84018637553991,0.0,0.0,11.0,23.011649580615096,43.530992764487316,19.548872180451127,22.15587680703959,27.49445676274945,8.28125,23.63414634146341,76.52173913043478,36.63003663003663,15.00358337314859,29.166666666666668
2017-02-05,19.740000000000002,8.333333333333334,1.5824175824175826,26.31578947368421,0.0,37.837837837837846,11.590654014896437,0.0,0.0,45.0,23.863932898415655,30.655628707385436,10.526315789473683,3.771213073538654,27.49445676274945,41.40625,19.28048780487805,0.0,0.0,12.41675865364021,8.333333333333334
2017-02-12,16.92,6.25,7.912087912087914,31.578947368421055,9.937888198757763,29.729729729729733,32.84018637553991,0.0,0.0,33.99999999999999,23.011649580615096,33.10807900397627,6.015037593984963,14.613450659962284,13.303769401330378,41.40625,26.743902439024385,43.04347826086956,18.315018315018314,33.111356409707234,0.0
2017-02-19,22.56,16.666666666666668,7.912087912087914,42.10526315789474,10.559006211180124,22.972972972972972,21.24953236064347,0.0,0.0,69.0,25.568499534016773,40.46542989374878,22.556390977443606,25.455688246385918,27.49445676274945,75.35937500000001,17.414634146341463,19.130434782608695,0.0,11.382028765836862,8.333333333333334
2017-02-26,22.09,12.5,13.450549450549453,39.473684210526315,6.211180124223602,14.864864864864867,50.22616739788456,0.0,0.0,22.0,19.60251630941286,39.23920474545336,25.56390977443609,27.341294783155245,25.720620842572064,47.203125,30.47560975609756,28.695652173913043,7.326007326007327,25.86824719508378,8.333333333333334
2017-03-05,28.199999999999996,10.416666666666668,7.120879120879122,15.789473684210527,13.043478260869565,6.756756756756757,9.658878345747032,0.0,0.0,33.0,25.568499534016773,41.69165504204418,12.030075187969926,24.512884978001253,53.21507760532151,32.296875,26.121951219512194,28.695652173913043,25.641025641025642,26.38561213898545,20.833333333333332
2017-03-12,27.73,14.583333333333334,3.164835164835165,28.94736842105263,9.937888198757763,36.48648648648649,30.9084107063905,0.0,0.0,45.0,19.60251630941286,41.07854246789648,33.08270676691729,17.913262099308607,26.607538802660756,16.5625,19.90243902439024,14.347826086956522,18.315018315018314,29.489801802395505,37.5
2017-03-19,25.379999999999995,14.583333333333334,7.912087912087914,21.05263157894737,25.465838509316768,31.081081081081088,0.0,0.0,0.0,24.0,14.914958061509784,36.786754448862524,10.526315789473683,38.6549340037712,57.64966740576498,26.5,20.524390243902438,19.130434782608695,29.304029304029307,23.2814224755754,20.833333333333332
2017-03-26,31.019999999999996,6.25,6.32967032967033,42.10526315789474,37.88819875776397,0.0,11.590654014896437,0.0,0.0,11.0,25.568499534016773,50.275231080112114,16.541353383458645,14.613450659962284,14.190687361419071,24.843750000000004,24.256097560975608,23.913043478260867,18.315018315018314,23.798787419477076,8.333333333333334
2017-04-02,29.14,8.333333333333334,10.285714285714288,26.31578947368421,44.099378881987576,14.864864864864867,30.9084107063905,0.0,0.0,45.0,23.863932898415655,50.275231080112114,19.548872180451127,35.826524198617214,54.1019955654102,24.843750000000004,29.231707317073166,14.347826086956522,7.326007326007327,24.31615236337875,50.0
2017-04-09,31.019999999999996,16.666666666666668,1.5824175824175826,55.26315789473685,44.72049689440993,24.324324324324326,23.181308029792874,0.0,0.0,50.0,28.55149114631873,41.07854246789648,43.60902255639098,23.570081709616588,15.077605321507761,27.328125,31.097560975609753,14.347826086956522,18.315018315018314,21.729327643870374,12.5
2017-04-16,33.370000000000005,14.583333333333334,10.285714285714288,63.15789473684211,30.43478260869565,8.108108108108109,23.181308029792874,0.0,0.0,12.999999999999998,25.568499534016773,34.334304152271685,10.526315789473683,16.02765556253928,15.077605321507761,65.421875,21.768292682926827,28.695652173913043,40.29304029304029,22.24669258777205,20.833333333333332
2017-04-23,25.379999999999995,8.333333333333334,8.703296703296706,34.21052631578948,37.88819875776397,24.324324324324326,59.88504574363159,0.0,0.0,12.999999999999998,28.977632805219013,39.85231731960106,10.526315789473683,35.826524198617214,60.310421286031044,27.328125,26.121951219512194,33.47826086956522,29.304029304029307,17.59040809265697,12.5
2017-04-30,36.66,20.833333333333336,1.5824175824175826,63.15789473684211,42.857142857142854,31.081081081081088,11.590654014896437,0.0,0.0,83.0,29.403774464119287,33.72119157812398,24.060150375939852,26.398491514770576,21.286031042128606,60.453125,34.829268292682926,33.47826086956522,18.315018315018314,25.86824719508378,29.166666666666668
2017-05-07,37.6,10.416666666666668,7.912087912087914,55.26315789473685,62.11180124223602,44.5945945945946,42.49906472128694,0.0,0.0,33.99999999999999,29.82991612301957,40.46542989374878,16.541353383458645,18.38466373350094,20.399113082039914,41.40625,35.45121951219512,47.826086956521735,43.956043956043956,17.59040809265697,20.833333333333332
2017-05-14,39.00999999999999,14.583333333333334,3.164835164835165,34.21052631578948,30.43478260869565,33.78378378378378,0.0,0.0,0.0,25.0,24.290074557315933,34.334304152271685,25.56390977443609,16.02765556253928,15.077605321507761,55.484375,29.231707317073166,14.347826086956522,10.989010989010989,36.732911017018964,12.5
2017-05-21,39.00999999999999,12.5,1.5824175824175826,63.15789473684211,34.161490683229815,33.78378378378378,34.77196204468931,0.0,0.0,25.0,17.045666356011182,36.786754448862524,21.052631578947366,20.270270270270267,7.982261640798226,36.4375,31.71951219512195,43.04347826086956,29.304029304029307,20.694597756067022,20.833333333333332
2017-05-28,39.480000000000004,10.416666666666668,4.747252747252748,55.26315789473685,30.43478260869565,100.0,59.88504574363159,0.0,0.0,62.99999999999999,21.73322460391426,32.49496642982856,18.045112781954884,20.270270270270267,38.13747228381375,73.703125,31.71951219512195,47.826086956521735,29.304029304029307,28.97243685849383,0.0
2017-06-04,46.99999999999999,25.0,7.912087912087914,31.578947368421055,21.739130434782606,56.75675675675675,23.181308029792874,0.0,0.0,35.99999999999999,16.193383038210623,41.69165504204418,42.10526315789473,15.55625392834695,7.095343680709536,26.5,36.69512195121951,47.826086956521735,18.315018315018314,45.010750119445774,41.666666666666664
2017-06-11,38.99999999999999,25.0,8.439560439560442,39.09774436090226,8.695652173913045,56.75675675675675,23.181308029792874,0.0,0.0,33.31343283582089,10.969711090400745,54.009644031739064,28.94736842105263,42.37738139101411,15.136733185513673,9.275,30.57926829268292,52.17391304347826,18.315018315018314,69.92741536413897,0.0
2017-06-18,48.0,25.0,8.439560439560442,43.60902255639098,8.695652173913045,94.59459459459458,34.77196204468931,0.0,0.0,31.701492537313428,19.32758620689655,59.694869719290544,44.73684210526316,36.47673334922733,14.19068736141907,18.55,38.224085365853654,65.21739130434783,25.641025641025642,66.71236178417855,23.148148148148152
2017-06-25,100.0,75.0,25.846153846153854,49.62406015037595,17.39130434782609,56.75675675675675,0.0,0.0,0.0,49.97014925373133,17.499301025163092,43.58673027122803,60.526315789473685,25.211859814907122,3.7841832963784183,47.7,37.45960365853658,78.26086956521739,18.315018315018314,73.94623233908948,69.44444444444444
2017-07-02,61.0,37.5,11.604395604395608,48.120300751879704,21.739130434782606,66.21621621621621,34.77196204468931,0.0,0.0,26.328358208955216,13.059179869524696,43.58673027122803,34.21052631578947,16.092676477600293,3.7841832963784183,37.1,31.343749999999996,65.21739130434783,18.315018315018314,62.69354480922803,32.40740740740741
2017-07-09,48.0,31.25,10.021978021978024,33.0827067669173,8.695652173913045,37.83783783783783,34.77196204468931,0.0,0.0,10.746268656716415,13.059179869524696,58.747332104698636,28.94736842105263,28.430395110427185,7.095343680709535,63.599999999999994,31.343749999999996,100.0,80.58608058608058,53.852147464336916,0.0
2017-07-16,46.0,37.5,6.8571428571428585,67.66917293233084,0.0,0.0,0.0,0.0,0.0,16.119402985074622,23.24534016775396,57.79979449010673,28.94736842105263,32.72177550445393,10.879526977087954,37.1,28.2858231707317,56.52173913043479,7.326007326007327,49.02956709439629,9.259259259259261
2017-07-23,43.99999999999999,37.5,8.439560439560442,42.10526315789475,8.695652173913045,18.918918918918916,23.181308029792874,0.0,0.0,10.746268656716415,15.671015843429636,35.058891739900794,10.526315789473683,12.33771863282689,7.095343680709535,35.775,30.57926829268292,100.0,25.641025641025642,68.31988857415877,55.555555555555564
2017-07-30,47.0,37.5,10.549450549450551,66.1654135338346,8.695652173913045,18.918918918918916,23.181308029792874,0.0,0.0,14.507462686567163,22.72297297297297,57.79979449010673,31.57894736842105,30.039662758187212,13.244641537324464,34.449999999999996,30.57926829268292,78.26086956521739,84.24908424908425,61.889781414237945,23.148148148148152
2017-08-06,53.0,31.25,14.241758241758244,72.18045112781957,4.347826086956522,56.75675675675675,11.590654014896437,0.0,0.0,30.089552238805965,12.53681267474371,51.16703118796332,7.894736842105263,23.06616961789375,3.311160384331116,51.675,35.548399390243894,60.8695652173913,25.641025641025642,73.14246894409938,32.40740740740741
2017-08-13,56.0,56.25,22.153846153846157,49.62406015037595,4.347826086956522,28.378378378378375,23.181308029792874,0.0,0.0,19.880597014925367,8.357875116495805,44.53426788581993,7.894736842105263,11.264873534320206,0.0,26.5,26.374618902439018,78.26086956521739,40.29304029304029,75.55375912906969,83.33333333333333
2017-08-20,59.99999999999999,56.25,11.076923076923078,36.09022556390978,0.0,66.21621621621621,23.181308029792874,0.0,0.0,24.716417910447753,17.238117427772597,47.37688072959567,0.0,15.019831379093606,17.028824833702885,59.625,33.637195121951216,52.17391304347826,7.326007326007327,69.12365196914887,41.666666666666664
2017-08-27,57.0,56.25,9.494505494505496,31.578947368421055,4.347826086956522,37.83783783783783,34.77196204468931,0.0,0.0,34.38805970149253,22.200605778191985,36.953966969084625,7.894736842105263,11.264873534320206,3.311160384331116,17.224999999999998,29.814786585365848,52.17391304347826,32.96703296703297,80.37633949901031,64.81481481481482
2017-09-03,52.0,50.0,18.461538461538463,22.55639097744361,4.347826086956522,18.918918918918916,11.590654014896437,0.0,0.0,14.507462686567163,8.096691519105311,61.589944948474376,26.315789473684212,30.039662758187212,16.55580192165558,34.449999999999996,34.01943597560975,39.130434782608695,32.96703296703297,69.12365196914887,23.148148148148152
2017-09-10,50.0,43.75,10.549450549450551,30.075187969924816,0.0,37.83783783783783,11.590654014896437,0.0,0.0,19.343283582089548,15.40983224603914,59.694869719290544,13.157894736842106,15.019831379093606,13.244641537324464,50.349999999999994,27.52134146341463,39.130434782608695,32.96703296703297,64.30107159920824,23.148148148148152
2017-09-17,49.0,62.5,20.571428571428577,18.04511278195489,13.043478260869566,28.378378378378375,23.181308029792874,0.0,0.0,20.41791044776119,17.499301025163092,50.21949357337141,18.421052631578945,31.1125078566939,7.095343680709535,43.725,25.22789634146341,39.130434782608695,25.641025641025642,33.75806258958433,41.666666666666664
2017-09-24,32.0,37.5,11.604395604395608,24.060150375939852,8.695652173913045,28.378378378378375,34.77196204468931,0.0,0.0,10.746268656716415,7.835507921714818,43.58673027122803,15.789473684210526,16.092676477600293,10.879526977087954,9.275,24.845655487804873,26.08695652173913,25.641025641025642,40.18816974950516,9.259259259259261
2017-10-01,43.99999999999999,43.75,12.65934065934066,27.067669172932334,0.0,37.83783783783783,46.36261605958575,0.0,0.0,15.044776119402982,16.976933830382105,53.06210641714715,0.0,27.357550011920498,17.501847745750183,79.49999999999999,19.494283536585364,30.43478260869565,18.315018315018314,57.87096443928742,9.259259259259261
2017-10-08,35.0,31.25,4.747252747252748,27.067669172932334,4.347826086956522,9.459459459459458,0.0,0.0,0.0,15.044776119402982,13.32036346691519,29.373666052349318,5.263157894736842,7.509915689546803,6.622320768662232,26.5,29.050304878048777,17.391304347826086,25.641025641025642,32.15053579960412,9.259259259259261
2017-10-15,35.99999999999999,25.0,4.747252747252748,22.55639097744361,8.695652173913045,37.83783783783783,23.181308029792874,0.0,0.0,4.835820895522387,17.760484622553587,94.75376145919134,5.263157894736842,37.549578447734014,9.933481152993348,84.8,30.961509146341452,13.043478260869565,32.96703296703297,40.18816974950516,9.259259259259261
2017-10-22,23.0,12.5,3.164835164835165,22.55639097744361,8.695652173913045,18.918918918918916,11.590654014896437,0.0,0.0,19.880597014925367,12.275629077353214,45.481805500411845,7.894736842105263,41.84095884176076,13.717664449371767,51.675,20.64100609756097,21.73913043478261,7.326007326007327,33.75806258958433,9.259259259259261
2017-10-29,31.0,25.0,4.747252747252748,18.04511278195489,0.0,18.918918918918916,0.0,0.0,0.0,24.716417910447753,13.842730661696176,53.06210641714715,13.157894736842106,33.79462060296061,6.622320768662232,34.449999999999996,16.054115853658534,21.73913043478261,0.0,23.30913845471299,18.518518518518523
2017-11-05,27.0,18.75,4.747252747252748,13.533834586466167,0.0,18.918918918918916,11.590654014896437,0.0,0.0,9.671641791044774,15.40983224603914,40.74411742745228,18.421052631578945,22.52974706864041,13.244641537324464,50.349999999999994,22.552210365853654,17.391304347826086,0.0,36.97311616954474,9.259259259259261
2017-11-12,26.0,12.5,1.5824175824175826,27.067669172932334,4.347826086956522,0.0,11.590654014896437,0.0,0.0,19.880597014925367,14.103914259086674,60.64240733388246,7.894736842105263,53.64225492533431,13.717664449371767,78.17500000000001,22.16996951219512,56.52173913043479,43.956043956043956,29.739245614633816,9.259259259259261
2017-11-19,21.999999999999996,18.75,0.0,13.533834586466167,4.347826086956522,18.918918918918916,11.590654014896437,0.0,0.0,4.835820895522387,22.200605778191985,69.17024586520968,13.157894736842106,45.59591668653417,13.717664449371767,17.224999999999998,24.0811737804878,21.73913043478261,18.315018315018314,25.720428639683302,0.0
2017-11-26,21.999999999999996,18.75,9.494505494505496,18.04511278195489,8.695652173913045,18.918918918918916,11.590654014896437,0.0,0.0,10.208955223880595,13.581547064305681,47.37688072959567,5.263157894736842,43.45022648952079,17.501847745750183,0.0,16.818597560975608,8.695652173913043,25.641025641025642,20.89784826974268,9.259259259259261
2017-12-03,21.0,12.5,1.5824175824175826,4.511278195488723,4.347826086956522,18.918918918918916,34.77196204468931,0.0,0.0,10.208955223880595,13.581547064305681,58.747332104698636,5.263157894736842,23.602592167147094,13.717664449371767,0.0,17.58307926829268,17.391304347826086,18.315018315018314,38.58064295952495,0.0
2017-12-10,28.0,31.25,13.186813186813188,24.060150375939852,4.347826086956522,18.918918918918916,11.590654014896437,0.0,0.0,5.373134328358208,12.275629077353214,51.16703118796332,5.263157894736842,37.013155898480676,28.854397634885444,92.75,21.405487804878046,17.391304347826086,18.315018315018314,41.79569653948536,23.148148148148152
2017-12-17,24.0,18.75,1.5824175824175826,21.052631578947373,8.695652173913045,18.918918918918916,11.590654014896437,0.0,0.0,23.104477611940297,10.447343895619758,53.06210641714715,0.0,21.993324519387066,19.393939393939394,68.89999999999999,13.378429878048777,26.08695652173913,10.989010989010989,49.83333048938639,0.0
2017-12-24,33.0,18.75,8.439560439560442,42.10526315789475,4.347826086956522,28.378378378378375,23.181308029792874,0.0,0.0,26.86567164179104,21.155871388630008,48.32441834418759,0.0,15.55625392834695,4.730229120473023,23.85,12.996189024390242,0.0,10.989010989010989,32.15053579960412,13.888888888888891
2017-12-31,29.999999999999996,31.25,5.2747252747252755,25.563909774436095,13.043478260869566,28.378378378378375,11.590654014896437,0.0,0.0,16.656716417910445,10.186160298229263,38.84904219826845,5.263157894736842,12.874141182080235,0.0,29.15,21.02324695121951,34.78260869565217,0.0,24.916665244693196,23.148148148148152
2018-01-07,26.0,18.75,4.747252747252748,13.533834586466167,0.0,28.378378378378375,23.181308029792874,0.0,0.0,9.671641791044774,16.976933830382105,35.058891739900794,7.894736842105263,0.0,3.311160384331116,75.525,14.14291158536585,60.8695652173913,7.326007326007327,28.93548221964371,0.0
2018-01-14,19.0,18.75,4.747252747252748,39.09774436090226,0.0,0.0,11.590654014896437,0.0,0.0,33.850746268656714,16.976933830382105,62.537482563066284,7.894736842105263,30.039662758187212,6.622320768662232,0.0,10.702743902439023,0.0,0.0,32.15053579960412,18.518518518518523
2018-01-21,19.0,25.0,7.384615384615387,4.511278195488723,8.695652173913045,18.918918918918916,23.181308029792874,0.0,0.0,9.671641791044774,15.148648648648646,36.00642935449271,7.894736842105263,11.264873534320206,3.311160384331116,66.25,19.112042682926827,30.43478260869565,7.326007326007327,32.15053579960412,9.259259259259261
2018-01-28,26.0,12.5,5.802197802197804,12.030075187969926,8.695652173913045,18.918918918918916,23.181308029792874,0.0,0.0,4.835820895522387,10.186160298229263,41.69165504204418,13.157894736842106,10.72845098506686,12.771618625277162,41.074999999999996,16.436356707317067,21.73913043478261,14.652014652014653,36.97311616954474,18.518518518518523
2018-02-04,27.0,18.75,3.164835164835165,21.052631578947373,4.347826086956522,28.378378378378375,23.181308029792874,0.0,0.0,13.97014925373134,20.11113699906803,35.058891739900794,7.894736842105263,6.97349314029346,3.311160384331116,80.82499999999999,12.23170731707317,13.043478260869565,21.978021978021978,40.18816974950516,0.0
2018-02-11,21.999999999999996,12.5,3.164835164835165,25.563909774436095,0.0,0.0,0.0,0.0,0.0,18.805970149253728,22.46178937558248,37.90150458367654,21.052631578947366,10.72845098506686,12.771618625277162,39.74999999999999,22.552210365853654,43.47826086956522,0.0,44.20698672445567,9.259259259259261
2018-02-18,29.999999999999996,18.75,1.5824175824175826,37.59398496240602,13.043478260869566,28.378378378378375,34.77196204468931,0.0,0.0,18.805970149253728,16.454566635601115,54.009644031739064,7.894736842105263,25.211859814907122,12.771618625277162,88.775,20.64100609756097,34.78260869565217,7.326007326007327,25.720428639683302,9.259259259259261
2018-02-25,35.0,31.25,8.967032967032969,42.10526315789475,8.695652173913045,28.378378378378375,23.181308029792874,0.0,0.0,27.94029850746268,17.760484622553587,53.06210641714715,28.94736842105263,17.70194412536032,15.609756097560975,39.74999999999999,21.78772865853658,21.73913043478261,0.0,37.776879564534845,27.777777777777782
2018-03-04,35.99999999999999,25.0,7.384615384615387,40.601503759398504,8.695652173913045,18.918918918918916,46.36261605958575,0.0,0.0,23.104477611940297,19.588769804287043,69.17024586520968,15.789473684210526,31.648930405947244,15.609756097560975,39.74999999999999,24.0811737804878,21.73913043478261,29.304029304029307,45.81451351443587,37.037037037037045
2018-03-11,38.0,18.75,1.5824175824175826,25.563909774436095,21.739130434782606,47.29729729729729,23.181308029792874,0.0,0.0,27.94029850746268,13.32036346691519,49.2719559587795,26.315789473684212,21.45690197013372,22.23207686622321,72.875,21.405487804878046,13.043478260869565,14.652014652014653,28.131718824653607,18.518518518518523
2018-03-18,34.00000000000001,18.75,11.076923076923078,31.578947368421055,34.78260869565218,85.13513513513513,23.181308029792874,0.0,0.0,19.880597014925367,13.842730661696176,64.43255779225011,26.315789473684212,33.79462060296061,9.933481152993348,42.4,22.552210365853654,47.826086956521735,7.326007326007327,44.20698672445567,0.0
2018-03-25,38.0,18.75,6.8571428571428585,19.54887218045113,47.826086956521735,28.378378378378375,34.77196204468931,0.0,0.0,20.955223880597014,26.118359739049392,50.21949357337141,28.94736842105263,20.384056871627035,0.0,35.775,25.992378048780484,34.78260869565217,18.315018315018314,49.02956709439629,0.0
2018-04-01,49.0,37.5,6.32967032967033,31.578947368421055,43.47826086956521,18.918918918918916,23.181308029792874,0.0,0.0,15.044776119402982,14.887465051258154,43.58673027122803,76.3157894736842,18.774789223867007,6.622320768662232,86.125,26.756859756097555,39.130434782608695,7.326007326007327,38.58064295952495,9.259259259259261
2018-04-08,45.0,18.75,8.967032967032969,21.052631578947373,60.8695652173913,28.378378378378375,23.181308029792874,0.0,0.0,13.97014925373134,18.02166821994408,47.37688072959567,34.21052631578947,32.185352955200585,6.14929785661493,96.72500000000001,27.903582317073162,52.17391304347826,25.641025641025642,44.20698672445567,18.518518518518523
2018-04-15,46.0,12.5,0.0,30.075187969924816,100.0,47.29729729729729,23.181308029792874,0.0,0.0,14.507462686567163,15.148648648648646,66.32763302143394,100.0,25.74828236416047,9.933481152993348,15.899999999999999,29.814786585365848,39.130434782608695,32.96703296703297,35.36558937956453,18.518518518518523
2018-04-22,50.0,18.75,4.747252747252748,40.601503759398504,47.826086956521735,28.378378378378375,11.590654014896437,0.0,0.0,20.41791044776119,15.148648648648646,57.79979449010673,63.1578947368421,42.91380394026744,13.717664449371767,70.225,21.405487804878046,39.130434782608695,18.315018315018314,53.0483840693468,9.259259259259261
2018-04-29,41.0,25.0,6.32967032967033,22.55639097744361,43.47826086956521,66.21621621621621,69.54392408937862,0.0,0.0,19.880597014925367,17.238117427772597,40.74411742745228,50.0,22.52974706864041,9.933481152993348,34.449999999999996,25.22789634146341,39.130434782608695,18.315018315018314,53.852147464336916,0.0
2018-05-06,54.0,37.5,7.384615384615387,52.631578947368425,52.173913043478265,47.29729729729729,23.181308029792874,0.0,0.0,43.52238805970148,14.365097856477165,55.904719260922896,52.631578947368425,21.993324519387066,6.622320768662232,33.125,29.814786585365848,39.130434782608695,7.326007326007327,53.0483840693468,18.518518518518523
2018-05-13,50.0,18.75,1.5824175824175826,39.09774436090226,34.78260869565218,37.83783783783783,11.590654014896437,0.0,0.0,14.507462686567163,13.059179869524696,51.16703118796332,31.57894736842105,22.52974706864041,6.622320768662232,34.449999999999996,34.01943597560975,82.6086956521739,7.326007326007327,59.47849122926763,9.259259259259261
2018-05-20,51.0,37.5,12.65934065934066,22.55639097744361,17.39130434782609,66.21621621621621,23.181308029792874,0.0,0.0,9.671641791044774,17.238117427772597,50.21949357337141,76.3157894736842,11.264873534320206,0.0,76.85000000000001,31.343749999999996,82.6086956521739,58.60805860805861,53.852147464336916,41.666666666666664
2018-05-27,59.00000000000001,43.75,13.714285714285717,30.075187969924816,26.086956521739133,56.75675675675675,23.181308029792874,0.0,0.0,4.835820895522387,21.93942218080149,72.96039632357733,26.315789473684212,30.039662758187212,9.933481152993348,59.625,30.57926829268292,39.130434782608695,25.641025641025642,72.33870554910928,9.259259259259261
2018-06-03,59.99999999999999,68.74999999999999,15.824175824175828,36.09022556390978,30.43478260869565,75.67567567567566,0.0,0.0,0.0,0.0,11.492078285181732,63.4850201776582,31.57894736842105,15.55625392834695,13.717664449371767,60.949999999999996,31.72599085365853,78.26086956521739,32.96703296703297,69.12365196914887,9.259259259259261
